{
  "$schema": "https://developer.microsoft.com/json-schemas/tsdoc/v0/tsdoc.schema.json",
  "tagDefinitions": [
    {
      "tagName": "@VueI18nTip",
      "syntaxKind": "block"
    },
    {
      "tagName": "@VueI18nDanger",
      "syntaxKind": "block"
    },
    {
      "tagName": "@VueI18nWarning",
      "syntaxKind": "block"
    },
    {
      "tagName": "@VueI18nSee",
      "syntaxKind": "block"
    },
    {
      "tagName": "@VueI18nGeneral",
      "syntaxKind": "modifier"
    },
    {
      "tagName": "@VueI18nLegacy",
      "syntaxKind": "modifier"
    },
    {
      "tagName": "@VueI18nComposition",
      "syntaxKind": "modifier"
    },
    {
      "tagName": "@VueI18nDirective",
      "syntaxKind": "modifier"
    },
    {
      "tagName": "@VueI18nComponent",
      "syntaxKind": "modifier"
    },
    {
      "tagName": "@VueI18nInjection",
      "syntaxKind": "modifier"
    }
  ]
}
