{
  "complex0": "@.caml:{'no apples'} 0 | {0} apple 0 | {n}　apples 0",
  "complex1": "@.caml:{'no apples'} 1 | {0} apple 1 | {n}　apples 1",
  "complex2": "@.caml:{'no apples'} 2 | {0} apple 2 | {n}　apples 2",
  "complex3": "@.caml:{'no apples'} 3 | {0} apple 3 | {n}　apples 3",
  "complex4": "@.caml:{'no apples'} 4 | {0} apple 4 | {n}　apples 4",
  "complex5": "@.caml:{'no apples'} 5 | {0} apple 5 | {n}　apples 5",
  "complex6": "@.caml:{'no apples'} 6 | {0} apple 6 | {n}　apples 6",
  "complex7": "@.caml:{'no apples'} 7 | {0} apple 7 | {n}　apples 7",
  "complex8": "@.caml:{'no apples'} 8 | {0} apple 8 | {n}　apples 8",
  "complex9": "@.caml:{'no apples'} 9 | {0} apple 9 | {n}　apples 9",
  "complex10": "@.caml:{'no apples'} 10 | {0} apple 10 | {n}　apples 10",
  "complex11": "@.caml:{'no apples'} 11 | {0} apple 11 | {n}　apples 11",
  "complex12": "@.caml:{'no apples'} 12 | {0} apple 12 | {n}　apples 12",
  "complex13": "@.caml:{'no apples'} 13 | {0} apple 13 | {n}　apples 13",
  "complex14": "@.caml:{'no apples'} 14 | {0} apple 14 | {n}　apples 14",
  "complex15": "@.caml:{'no apples'} 15 | {0} apple 15 | {n}　apples 15",
  "complex16": "@.caml:{'no apples'} 16 | {0} apple 16 | {n}　apples 16",
  "complex17": "@.caml:{'no apples'} 17 | {0} apple 17 | {n}　apples 17",
  "complex18": "@.caml:{'no apples'} 18 | {0} apple 18 | {n}　apples 18",
  "complex19": "@.caml:{'no apples'} 19 | {0} apple 19 | {n}　apples 19",
  "complex20": "@.caml:{'no apples'} 20 | {0} apple 20 | {n}　apples 20",
  "complex21": "@.caml:{'no apples'} 21 | {0} apple 21 | {n}　apples 21",
  "complex22": "@.caml:{'no apples'} 22 | {0} apple 22 | {n}　apples 22",
  "complex23": "@.caml:{'no apples'} 23 | {0} apple 23 | {n}　apples 23",
  "complex24": "@.caml:{'no apples'} 24 | {0} apple 24 | {n}　apples 24",
  "complex25": "@.caml:{'no apples'} 25 | {0} apple 25 | {n}　apples 25",
  "complex26": "@.caml:{'no apples'} 26 | {0} apple 26 | {n}　apples 26",
  "complex27": "@.caml:{'no apples'} 27 | {0} apple 27 | {n}　apples 27",
  "complex28": "@.caml:{'no apples'} 28 | {0} apple 28 | {n}　apples 28",
  "complex29": "@.caml:{'no apples'} 29 | {0} apple 29 | {n}　apples 29",
  "complex30": "@.caml:{'no apples'} 30 | {0} apple 30 | {n}　apples 30",
  "complex31": "@.caml:{'no apples'} 31 | {0} apple 31 | {n}　apples 31",
  "complex32": "@.caml:{'no apples'} 32 | {0} apple 32 | {n}　apples 32",
  "complex33": "@.caml:{'no apples'} 33 | {0} apple 33 | {n}　apples 33",
  "complex34": "@.caml:{'no apples'} 34 | {0} apple 34 | {n}　apples 34",
  "complex35": "@.caml:{'no apples'} 35 | {0} apple 35 | {n}　apples 35",
  "complex36": "@.caml:{'no apples'} 36 | {0} apple 36 | {n}　apples 36",
  "complex37": "@.caml:{'no apples'} 37 | {0} apple 37 | {n}　apples 37",
  "complex38": "@.caml:{'no apples'} 38 | {0} apple 38 | {n}　apples 38",
  "complex39": "@.caml:{'no apples'} 39 | {0} apple 39 | {n}　apples 39",
  "complex40": "@.caml:{'no apples'} 40 | {0} apple 40 | {n}　apples 40",
  "complex41": "@.caml:{'no apples'} 41 | {0} apple 41 | {n}　apples 41",
  "complex42": "@.caml:{'no apples'} 42 | {0} apple 42 | {n}　apples 42",
  "complex43": "@.caml:{'no apples'} 43 | {0} apple 43 | {n}　apples 43",
  "complex44": "@.caml:{'no apples'} 44 | {0} apple 44 | {n}　apples 44",
  "complex45": "@.caml:{'no apples'} 45 | {0} apple 45 | {n}　apples 45",
  "complex46": "@.caml:{'no apples'} 46 | {0} apple 46 | {n}　apples 46",
  "complex47": "@.caml:{'no apples'} 47 | {0} apple 47 | {n}　apples 47",
  "complex48": "@.caml:{'no apples'} 48 | {0} apple 48 | {n}　apples 48",
  "complex49": "@.caml:{'no apples'} 49 | {0} apple 49 | {n}　apples 49",
  "complex50": "@.caml:{'no apples'} 50 | {0} apple 50 | {n}　apples 50",
  "complex51": "@.caml:{'no apples'} 51 | {0} apple 51 | {n}　apples 51",
  "complex52": "@.caml:{'no apples'} 52 | {0} apple 52 | {n}　apples 52",
  "complex53": "@.caml:{'no apples'} 53 | {0} apple 53 | {n}　apples 53",
  "complex54": "@.caml:{'no apples'} 54 | {0} apple 54 | {n}　apples 54",
  "complex55": "@.caml:{'no apples'} 55 | {0} apple 55 | {n}　apples 55",
  "complex56": "@.caml:{'no apples'} 56 | {0} apple 56 | {n}　apples 56",
  "complex57": "@.caml:{'no apples'} 57 | {0} apple 57 | {n}　apples 57",
  "complex58": "@.caml:{'no apples'} 58 | {0} apple 58 | {n}　apples 58",
  "complex59": "@.caml:{'no apples'} 59 | {0} apple 59 | {n}　apples 59",
  "complex60": "@.caml:{'no apples'} 60 | {0} apple 60 | {n}　apples 60",
  "complex61": "@.caml:{'no apples'} 61 | {0} apple 61 | {n}　apples 61",
  "complex62": "@.caml:{'no apples'} 62 | {0} apple 62 | {n}　apples 62",
  "complex63": "@.caml:{'no apples'} 63 | {0} apple 63 | {n}　apples 63",
  "complex64": "@.caml:{'no apples'} 64 | {0} apple 64 | {n}　apples 64",
  "complex65": "@.caml:{'no apples'} 65 | {0} apple 65 | {n}　apples 65",
  "complex66": "@.caml:{'no apples'} 66 | {0} apple 66 | {n}　apples 66",
  "complex67": "@.caml:{'no apples'} 67 | {0} apple 67 | {n}　apples 67",
  "complex68": "@.caml:{'no apples'} 68 | {0} apple 68 | {n}　apples 68",
  "complex69": "@.caml:{'no apples'} 69 | {0} apple 69 | {n}　apples 69",
  "complex70": "@.caml:{'no apples'} 70 | {0} apple 70 | {n}　apples 70",
  "complex71": "@.caml:{'no apples'} 71 | {0} apple 71 | {n}　apples 71",
  "complex72": "@.caml:{'no apples'} 72 | {0} apple 72 | {n}　apples 72",
  "complex73": "@.caml:{'no apples'} 73 | {0} apple 73 | {n}　apples 73",
  "complex74": "@.caml:{'no apples'} 74 | {0} apple 74 | {n}　apples 74",
  "complex75": "@.caml:{'no apples'} 75 | {0} apple 75 | {n}　apples 75",
  "complex76": "@.caml:{'no apples'} 76 | {0} apple 76 | {n}　apples 76",
  "complex77": "@.caml:{'no apples'} 77 | {0} apple 77 | {n}　apples 77",
  "complex78": "@.caml:{'no apples'} 78 | {0} apple 78 | {n}　apples 78",
  "complex79": "@.caml:{'no apples'} 79 | {0} apple 79 | {n}　apples 79",
  "complex80": "@.caml:{'no apples'} 80 | {0} apple 80 | {n}　apples 80",
  "complex81": "@.caml:{'no apples'} 81 | {0} apple 81 | {n}　apples 81",
  "complex82": "@.caml:{'no apples'} 82 | {0} apple 82 | {n}　apples 82",
  "complex83": "@.caml:{'no apples'} 83 | {0} apple 83 | {n}　apples 83",
  "complex84": "@.caml:{'no apples'} 84 | {0} apple 84 | {n}　apples 84",
  "complex85": "@.caml:{'no apples'} 85 | {0} apple 85 | {n}　apples 85",
  "complex86": "@.caml:{'no apples'} 86 | {0} apple 86 | {n}　apples 86",
  "complex87": "@.caml:{'no apples'} 87 | {0} apple 87 | {n}　apples 87",
  "complex88": "@.caml:{'no apples'} 88 | {0} apple 88 | {n}　apples 88",
  "complex89": "@.caml:{'no apples'} 89 | {0} apple 89 | {n}　apples 89",
  "complex90": "@.caml:{'no apples'} 90 | {0} apple 90 | {n}　apples 90",
  "complex91": "@.caml:{'no apples'} 91 | {0} apple 91 | {n}　apples 91",
  "complex92": "@.caml:{'no apples'} 92 | {0} apple 92 | {n}　apples 92",
  "complex93": "@.caml:{'no apples'} 93 | {0} apple 93 | {n}　apples 93",
  "complex94": "@.caml:{'no apples'} 94 | {0} apple 94 | {n}　apples 94",
  "complex95": "@.caml:{'no apples'} 95 | {0} apple 95 | {n}　apples 95",
  "complex96": "@.caml:{'no apples'} 96 | {0} apple 96 | {n}　apples 96",
  "complex97": "@.caml:{'no apples'} 97 | {0} apple 97 | {n}　apples 97",
  "complex98": "@.caml:{'no apples'} 98 | {0} apple 98 | {n}　apples 98",
  "complex99": "@.caml:{'no apples'} 99 | {0} apple 99 | {n}　apples 99",
  "complex100": "@.caml:{'no apples'} 100 | {0} apple 100 | {n}　apples 100",
  "complex101": "@.caml:{'no apples'} 101 | {0} apple 101 | {n}　apples 101",
  "complex102": "@.caml:{'no apples'} 102 | {0} apple 102 | {n}　apples 102",
  "complex103": "@.caml:{'no apples'} 103 | {0} apple 103 | {n}　apples 103",
  "complex104": "@.caml:{'no apples'} 104 | {0} apple 104 | {n}　apples 104",
  "complex105": "@.caml:{'no apples'} 105 | {0} apple 105 | {n}　apples 105",
  "complex106": "@.caml:{'no apples'} 106 | {0} apple 106 | {n}　apples 106",
  "complex107": "@.caml:{'no apples'} 107 | {0} apple 107 | {n}　apples 107",
  "complex108": "@.caml:{'no apples'} 108 | {0} apple 108 | {n}　apples 108",
  "complex109": "@.caml:{'no apples'} 109 | {0} apple 109 | {n}　apples 109",
  "complex110": "@.caml:{'no apples'} 110 | {0} apple 110 | {n}　apples 110",
  "complex111": "@.caml:{'no apples'} 111 | {0} apple 111 | {n}　apples 111",
  "complex112": "@.caml:{'no apples'} 112 | {0} apple 112 | {n}　apples 112",
  "complex113": "@.caml:{'no apples'} 113 | {0} apple 113 | {n}　apples 113",
  "complex114": "@.caml:{'no apples'} 114 | {0} apple 114 | {n}　apples 114",
  "complex115": "@.caml:{'no apples'} 115 | {0} apple 115 | {n}　apples 115",
  "complex116": "@.caml:{'no apples'} 116 | {0} apple 116 | {n}　apples 116",
  "complex117": "@.caml:{'no apples'} 117 | {0} apple 117 | {n}　apples 117",
  "complex118": "@.caml:{'no apples'} 118 | {0} apple 118 | {n}　apples 118",
  "complex119": "@.caml:{'no apples'} 119 | {0} apple 119 | {n}　apples 119",
  "complex120": "@.caml:{'no apples'} 120 | {0} apple 120 | {n}　apples 120",
  "complex121": "@.caml:{'no apples'} 121 | {0} apple 121 | {n}　apples 121",
  "complex122": "@.caml:{'no apples'} 122 | {0} apple 122 | {n}　apples 122",
  "complex123": "@.caml:{'no apples'} 123 | {0} apple 123 | {n}　apples 123",
  "complex124": "@.caml:{'no apples'} 124 | {0} apple 124 | {n}　apples 124",
  "complex125": "@.caml:{'no apples'} 125 | {0} apple 125 | {n}　apples 125",
  "complex126": "@.caml:{'no apples'} 126 | {0} apple 126 | {n}　apples 126",
  "complex127": "@.caml:{'no apples'} 127 | {0} apple 127 | {n}　apples 127",
  "complex128": "@.caml:{'no apples'} 128 | {0} apple 128 | {n}　apples 128",
  "complex129": "@.caml:{'no apples'} 129 | {0} apple 129 | {n}　apples 129",
  "complex130": "@.caml:{'no apples'} 130 | {0} apple 130 | {n}　apples 130",
  "complex131": "@.caml:{'no apples'} 131 | {0} apple 131 | {n}　apples 131",
  "complex132": "@.caml:{'no apples'} 132 | {0} apple 132 | {n}　apples 132",
  "complex133": "@.caml:{'no apples'} 133 | {0} apple 133 | {n}　apples 133",
  "complex134": "@.caml:{'no apples'} 134 | {0} apple 134 | {n}　apples 134",
  "complex135": "@.caml:{'no apples'} 135 | {0} apple 135 | {n}　apples 135",
  "complex136": "@.caml:{'no apples'} 136 | {0} apple 136 | {n}　apples 136",
  "complex137": "@.caml:{'no apples'} 137 | {0} apple 137 | {n}　apples 137",
  "complex138": "@.caml:{'no apples'} 138 | {0} apple 138 | {n}　apples 138",
  "complex139": "@.caml:{'no apples'} 139 | {0} apple 139 | {n}　apples 139",
  "complex140": "@.caml:{'no apples'} 140 | {0} apple 140 | {n}　apples 140",
  "complex141": "@.caml:{'no apples'} 141 | {0} apple 141 | {n}　apples 141",
  "complex142": "@.caml:{'no apples'} 142 | {0} apple 142 | {n}　apples 142",
  "complex143": "@.caml:{'no apples'} 143 | {0} apple 143 | {n}　apples 143",
  "complex144": "@.caml:{'no apples'} 144 | {0} apple 144 | {n}　apples 144",
  "complex145": "@.caml:{'no apples'} 145 | {0} apple 145 | {n}　apples 145",
  "complex146": "@.caml:{'no apples'} 146 | {0} apple 146 | {n}　apples 146",
  "complex147": "@.caml:{'no apples'} 147 | {0} apple 147 | {n}　apples 147",
  "complex148": "@.caml:{'no apples'} 148 | {0} apple 148 | {n}　apples 148",
  "complex149": "@.caml:{'no apples'} 149 | {0} apple 149 | {n}　apples 149",
  "complex150": "@.caml:{'no apples'} 150 | {0} apple 150 | {n}　apples 150",
  "complex151": "@.caml:{'no apples'} 151 | {0} apple 151 | {n}　apples 151",
  "complex152": "@.caml:{'no apples'} 152 | {0} apple 152 | {n}　apples 152",
  "complex153": "@.caml:{'no apples'} 153 | {0} apple 153 | {n}　apples 153",
  "complex154": "@.caml:{'no apples'} 154 | {0} apple 154 | {n}　apples 154",
  "complex155": "@.caml:{'no apples'} 155 | {0} apple 155 | {n}　apples 155",
  "complex156": "@.caml:{'no apples'} 156 | {0} apple 156 | {n}　apples 156",
  "complex157": "@.caml:{'no apples'} 157 | {0} apple 157 | {n}　apples 157",
  "complex158": "@.caml:{'no apples'} 158 | {0} apple 158 | {n}　apples 158",
  "complex159": "@.caml:{'no apples'} 159 | {0} apple 159 | {n}　apples 159",
  "complex160": "@.caml:{'no apples'} 160 | {0} apple 160 | {n}　apples 160",
  "complex161": "@.caml:{'no apples'} 161 | {0} apple 161 | {n}　apples 161",
  "complex162": "@.caml:{'no apples'} 162 | {0} apple 162 | {n}　apples 162",
  "complex163": "@.caml:{'no apples'} 163 | {0} apple 163 | {n}　apples 163",
  "complex164": "@.caml:{'no apples'} 164 | {0} apple 164 | {n}　apples 164",
  "complex165": "@.caml:{'no apples'} 165 | {0} apple 165 | {n}　apples 165",
  "complex166": "@.caml:{'no apples'} 166 | {0} apple 166 | {n}　apples 166",
  "complex167": "@.caml:{'no apples'} 167 | {0} apple 167 | {n}　apples 167",
  "complex168": "@.caml:{'no apples'} 168 | {0} apple 168 | {n}　apples 168",
  "complex169": "@.caml:{'no apples'} 169 | {0} apple 169 | {n}　apples 169",
  "complex170": "@.caml:{'no apples'} 170 | {0} apple 170 | {n}　apples 170",
  "complex171": "@.caml:{'no apples'} 171 | {0} apple 171 | {n}　apples 171",
  "complex172": "@.caml:{'no apples'} 172 | {0} apple 172 | {n}　apples 172",
  "complex173": "@.caml:{'no apples'} 173 | {0} apple 173 | {n}　apples 173",
  "complex174": "@.caml:{'no apples'} 174 | {0} apple 174 | {n}　apples 174",
  "complex175": "@.caml:{'no apples'} 175 | {0} apple 175 | {n}　apples 175",
  "complex176": "@.caml:{'no apples'} 176 | {0} apple 176 | {n}　apples 176",
  "complex177": "@.caml:{'no apples'} 177 | {0} apple 177 | {n}　apples 177",
  "complex178": "@.caml:{'no apples'} 178 | {0} apple 178 | {n}　apples 178",
  "complex179": "@.caml:{'no apples'} 179 | {0} apple 179 | {n}　apples 179",
  "complex180": "@.caml:{'no apples'} 180 | {0} apple 180 | {n}　apples 180",
  "complex181": "@.caml:{'no apples'} 181 | {0} apple 181 | {n}　apples 181",
  "complex182": "@.caml:{'no apples'} 182 | {0} apple 182 | {n}　apples 182",
  "complex183": "@.caml:{'no apples'} 183 | {0} apple 183 | {n}　apples 183",
  "complex184": "@.caml:{'no apples'} 184 | {0} apple 184 | {n}　apples 184",
  "complex185": "@.caml:{'no apples'} 185 | {0} apple 185 | {n}　apples 185",
  "complex186": "@.caml:{'no apples'} 186 | {0} apple 186 | {n}　apples 186",
  "complex187": "@.caml:{'no apples'} 187 | {0} apple 187 | {n}　apples 187",
  "complex188": "@.caml:{'no apples'} 188 | {0} apple 188 | {n}　apples 188",
  "complex189": "@.caml:{'no apples'} 189 | {0} apple 189 | {n}　apples 189",
  "complex190": "@.caml:{'no apples'} 190 | {0} apple 190 | {n}　apples 190",
  "complex191": "@.caml:{'no apples'} 191 | {0} apple 191 | {n}　apples 191",
  "complex192": "@.caml:{'no apples'} 192 | {0} apple 192 | {n}　apples 192",
  "complex193": "@.caml:{'no apples'} 193 | {0} apple 193 | {n}　apples 193",
  "complex194": "@.caml:{'no apples'} 194 | {0} apple 194 | {n}　apples 194",
  "complex195": "@.caml:{'no apples'} 195 | {0} apple 195 | {n}　apples 195",
  "complex196": "@.caml:{'no apples'} 196 | {0} apple 196 | {n}　apples 196",
  "complex197": "@.caml:{'no apples'} 197 | {0} apple 197 | {n}　apples 197",
  "complex198": "@.caml:{'no apples'} 198 | {0} apple 198 | {n}　apples 198",
  "complex199": "@.caml:{'no apples'} 199 | {0} apple 199 | {n}　apples 199",
  "complex200": "@.caml:{'no apples'} 200 | {0} apple 200 | {n}　apples 200",
  "complex201": "@.caml:{'no apples'} 201 | {0} apple 201 | {n}　apples 201",
  "complex202": "@.caml:{'no apples'} 202 | {0} apple 202 | {n}　apples 202",
  "complex203": "@.caml:{'no apples'} 203 | {0} apple 203 | {n}　apples 203",
  "complex204": "@.caml:{'no apples'} 204 | {0} apple 204 | {n}　apples 204",
  "complex205": "@.caml:{'no apples'} 205 | {0} apple 205 | {n}　apples 205",
  "complex206": "@.caml:{'no apples'} 206 | {0} apple 206 | {n}　apples 206",
  "complex207": "@.caml:{'no apples'} 207 | {0} apple 207 | {n}　apples 207",
  "complex208": "@.caml:{'no apples'} 208 | {0} apple 208 | {n}　apples 208",
  "complex209": "@.caml:{'no apples'} 209 | {0} apple 209 | {n}　apples 209",
  "complex210": "@.caml:{'no apples'} 210 | {0} apple 210 | {n}　apples 210",
  "complex211": "@.caml:{'no apples'} 211 | {0} apple 211 | {n}　apples 211",
  "complex212": "@.caml:{'no apples'} 212 | {0} apple 212 | {n}　apples 212",
  "complex213": "@.caml:{'no apples'} 213 | {0} apple 213 | {n}　apples 213",
  "complex214": "@.caml:{'no apples'} 214 | {0} apple 214 | {n}　apples 214",
  "complex215": "@.caml:{'no apples'} 215 | {0} apple 215 | {n}　apples 215",
  "complex216": "@.caml:{'no apples'} 216 | {0} apple 216 | {n}　apples 216",
  "complex217": "@.caml:{'no apples'} 217 | {0} apple 217 | {n}　apples 217",
  "complex218": "@.caml:{'no apples'} 218 | {0} apple 218 | {n}　apples 218",
  "complex219": "@.caml:{'no apples'} 219 | {0} apple 219 | {n}　apples 219",
  "complex220": "@.caml:{'no apples'} 220 | {0} apple 220 | {n}　apples 220",
  "complex221": "@.caml:{'no apples'} 221 | {0} apple 221 | {n}　apples 221",
  "complex222": "@.caml:{'no apples'} 222 | {0} apple 222 | {n}　apples 222",
  "complex223": "@.caml:{'no apples'} 223 | {0} apple 223 | {n}　apples 223",
  "complex224": "@.caml:{'no apples'} 224 | {0} apple 224 | {n}　apples 224",
  "complex225": "@.caml:{'no apples'} 225 | {0} apple 225 | {n}　apples 225",
  "complex226": "@.caml:{'no apples'} 226 | {0} apple 226 | {n}　apples 226",
  "complex227": "@.caml:{'no apples'} 227 | {0} apple 227 | {n}　apples 227",
  "complex228": "@.caml:{'no apples'} 228 | {0} apple 228 | {n}　apples 228",
  "complex229": "@.caml:{'no apples'} 229 | {0} apple 229 | {n}　apples 229",
  "complex230": "@.caml:{'no apples'} 230 | {0} apple 230 | {n}　apples 230",
  "complex231": "@.caml:{'no apples'} 231 | {0} apple 231 | {n}　apples 231",
  "complex232": "@.caml:{'no apples'} 232 | {0} apple 232 | {n}　apples 232",
  "complex233": "@.caml:{'no apples'} 233 | {0} apple 233 | {n}　apples 233",
  "complex234": "@.caml:{'no apples'} 234 | {0} apple 234 | {n}　apples 234",
  "complex235": "@.caml:{'no apples'} 235 | {0} apple 235 | {n}　apples 235",
  "complex236": "@.caml:{'no apples'} 236 | {0} apple 236 | {n}　apples 236",
  "complex237": "@.caml:{'no apples'} 237 | {0} apple 237 | {n}　apples 237",
  "complex238": "@.caml:{'no apples'} 238 | {0} apple 238 | {n}　apples 238",
  "complex239": "@.caml:{'no apples'} 239 | {0} apple 239 | {n}　apples 239",
  "complex240": "@.caml:{'no apples'} 240 | {0} apple 240 | {n}　apples 240",
  "complex241": "@.caml:{'no apples'} 241 | {0} apple 241 | {n}　apples 241",
  "complex242": "@.caml:{'no apples'} 242 | {0} apple 242 | {n}　apples 242",
  "complex243": "@.caml:{'no apples'} 243 | {0} apple 243 | {n}　apples 243",
  "complex244": "@.caml:{'no apples'} 244 | {0} apple 244 | {n}　apples 244",
  "complex245": "@.caml:{'no apples'} 245 | {0} apple 245 | {n}　apples 245",
  "complex246": "@.caml:{'no apples'} 246 | {0} apple 246 | {n}　apples 246",
  "complex247": "@.caml:{'no apples'} 247 | {0} apple 247 | {n}　apples 247",
  "complex248": "@.caml:{'no apples'} 248 | {0} apple 248 | {n}　apples 248",
  "complex249": "@.caml:{'no apples'} 249 | {0} apple 249 | {n}　apples 249",
  "complex250": "@.caml:{'no apples'} 250 | {0} apple 250 | {n}　apples 250",
  "complex251": "@.caml:{'no apples'} 251 | {0} apple 251 | {n}　apples 251",
  "complex252": "@.caml:{'no apples'} 252 | {0} apple 252 | {n}　apples 252",
  "complex253": "@.caml:{'no apples'} 253 | {0} apple 253 | {n}　apples 253",
  "complex254": "@.caml:{'no apples'} 254 | {0} apple 254 | {n}　apples 254",
  "complex255": "@.caml:{'no apples'} 255 | {0} apple 255 | {n}　apples 255",
  "complex256": "@.caml:{'no apples'} 256 | {0} apple 256 | {n}　apples 256",
  "complex257": "@.caml:{'no apples'} 257 | {0} apple 257 | {n}　apples 257",
  "complex258": "@.caml:{'no apples'} 258 | {0} apple 258 | {n}　apples 258",
  "complex259": "@.caml:{'no apples'} 259 | {0} apple 259 | {n}　apples 259",
  "complex260": "@.caml:{'no apples'} 260 | {0} apple 260 | {n}　apples 260",
  "complex261": "@.caml:{'no apples'} 261 | {0} apple 261 | {n}　apples 261",
  "complex262": "@.caml:{'no apples'} 262 | {0} apple 262 | {n}　apples 262",
  "complex263": "@.caml:{'no apples'} 263 | {0} apple 263 | {n}　apples 263",
  "complex264": "@.caml:{'no apples'} 264 | {0} apple 264 | {n}　apples 264",
  "complex265": "@.caml:{'no apples'} 265 | {0} apple 265 | {n}　apples 265",
  "complex266": "@.caml:{'no apples'} 266 | {0} apple 266 | {n}　apples 266",
  "complex267": "@.caml:{'no apples'} 267 | {0} apple 267 | {n}　apples 267",
  "complex268": "@.caml:{'no apples'} 268 | {0} apple 268 | {n}　apples 268",
  "complex269": "@.caml:{'no apples'} 269 | {0} apple 269 | {n}　apples 269",
  "complex270": "@.caml:{'no apples'} 270 | {0} apple 270 | {n}　apples 270",
  "complex271": "@.caml:{'no apples'} 271 | {0} apple 271 | {n}　apples 271",
  "complex272": "@.caml:{'no apples'} 272 | {0} apple 272 | {n}　apples 272",
  "complex273": "@.caml:{'no apples'} 273 | {0} apple 273 | {n}　apples 273",
  "complex274": "@.caml:{'no apples'} 274 | {0} apple 274 | {n}　apples 274",
  "complex275": "@.caml:{'no apples'} 275 | {0} apple 275 | {n}　apples 275",
  "complex276": "@.caml:{'no apples'} 276 | {0} apple 276 | {n}　apples 276",
  "complex277": "@.caml:{'no apples'} 277 | {0} apple 277 | {n}　apples 277",
  "complex278": "@.caml:{'no apples'} 278 | {0} apple 278 | {n}　apples 278",
  "complex279": "@.caml:{'no apples'} 279 | {0} apple 279 | {n}　apples 279",
  "complex280": "@.caml:{'no apples'} 280 | {0} apple 280 | {n}　apples 280",
  "complex281": "@.caml:{'no apples'} 281 | {0} apple 281 | {n}　apples 281",
  "complex282": "@.caml:{'no apples'} 282 | {0} apple 282 | {n}　apples 282",
  "complex283": "@.caml:{'no apples'} 283 | {0} apple 283 | {n}　apples 283",
  "complex284": "@.caml:{'no apples'} 284 | {0} apple 284 | {n}　apples 284",
  "complex285": "@.caml:{'no apples'} 285 | {0} apple 285 | {n}　apples 285",
  "complex286": "@.caml:{'no apples'} 286 | {0} apple 286 | {n}　apples 286",
  "complex287": "@.caml:{'no apples'} 287 | {0} apple 287 | {n}　apples 287",
  "complex288": "@.caml:{'no apples'} 288 | {0} apple 288 | {n}　apples 288",
  "complex289": "@.caml:{'no apples'} 289 | {0} apple 289 | {n}　apples 289",
  "complex290": "@.caml:{'no apples'} 290 | {0} apple 290 | {n}　apples 290",
  "complex291": "@.caml:{'no apples'} 291 | {0} apple 291 | {n}　apples 291",
  "complex292": "@.caml:{'no apples'} 292 | {0} apple 292 | {n}　apples 292",
  "complex293": "@.caml:{'no apples'} 293 | {0} apple 293 | {n}　apples 293",
  "complex294": "@.caml:{'no apples'} 294 | {0} apple 294 | {n}　apples 294",
  "complex295": "@.caml:{'no apples'} 295 | {0} apple 295 | {n}　apples 295",
  "complex296": "@.caml:{'no apples'} 296 | {0} apple 296 | {n}　apples 296",
  "complex297": "@.caml:{'no apples'} 297 | {0} apple 297 | {n}　apples 297",
  "complex298": "@.caml:{'no apples'} 298 | {0} apple 298 | {n}　apples 298",
  "complex299": "@.caml:{'no apples'} 299 | {0} apple 299 | {n}　apples 299",
  "complex300": "@.caml:{'no apples'} 300 | {0} apple 300 | {n}　apples 300",
  "complex301": "@.caml:{'no apples'} 301 | {0} apple 301 | {n}　apples 301",
  "complex302": "@.caml:{'no apples'} 302 | {0} apple 302 | {n}　apples 302",
  "complex303": "@.caml:{'no apples'} 303 | {0} apple 303 | {n}　apples 303",
  "complex304": "@.caml:{'no apples'} 304 | {0} apple 304 | {n}　apples 304",
  "complex305": "@.caml:{'no apples'} 305 | {0} apple 305 | {n}　apples 305",
  "complex306": "@.caml:{'no apples'} 306 | {0} apple 306 | {n}　apples 306",
  "complex307": "@.caml:{'no apples'} 307 | {0} apple 307 | {n}　apples 307",
  "complex308": "@.caml:{'no apples'} 308 | {0} apple 308 | {n}　apples 308",
  "complex309": "@.caml:{'no apples'} 309 | {0} apple 309 | {n}　apples 309",
  "complex310": "@.caml:{'no apples'} 310 | {0} apple 310 | {n}　apples 310",
  "complex311": "@.caml:{'no apples'} 311 | {0} apple 311 | {n}　apples 311",
  "complex312": "@.caml:{'no apples'} 312 | {0} apple 312 | {n}　apples 312",
  "complex313": "@.caml:{'no apples'} 313 | {0} apple 313 | {n}　apples 313",
  "complex314": "@.caml:{'no apples'} 314 | {0} apple 314 | {n}　apples 314",
  "complex315": "@.caml:{'no apples'} 315 | {0} apple 315 | {n}　apples 315",
  "complex316": "@.caml:{'no apples'} 316 | {0} apple 316 | {n}　apples 316",
  "complex317": "@.caml:{'no apples'} 317 | {0} apple 317 | {n}　apples 317",
  "complex318": "@.caml:{'no apples'} 318 | {0} apple 318 | {n}　apples 318",
  "complex319": "@.caml:{'no apples'} 319 | {0} apple 319 | {n}　apples 319",
  "complex320": "@.caml:{'no apples'} 320 | {0} apple 320 | {n}　apples 320",
  "complex321": "@.caml:{'no apples'} 321 | {0} apple 321 | {n}　apples 321",
  "complex322": "@.caml:{'no apples'} 322 | {0} apple 322 | {n}　apples 322",
  "complex323": "@.caml:{'no apples'} 323 | {0} apple 323 | {n}　apples 323",
  "complex324": "@.caml:{'no apples'} 324 | {0} apple 324 | {n}　apples 324",
  "complex325": "@.caml:{'no apples'} 325 | {0} apple 325 | {n}　apples 325",
  "complex326": "@.caml:{'no apples'} 326 | {0} apple 326 | {n}　apples 326",
  "complex327": "@.caml:{'no apples'} 327 | {0} apple 327 | {n}　apples 327",
  "complex328": "@.caml:{'no apples'} 328 | {0} apple 328 | {n}　apples 328",
  "complex329": "@.caml:{'no apples'} 329 | {0} apple 329 | {n}　apples 329",
  "complex330": "@.caml:{'no apples'} 330 | {0} apple 330 | {n}　apples 330",
  "complex331": "@.caml:{'no apples'} 331 | {0} apple 331 | {n}　apples 331",
  "complex332": "@.caml:{'no apples'} 332 | {0} apple 332 | {n}　apples 332",
  "complex333": "@.caml:{'no apples'} 333 | {0} apple 333 | {n}　apples 333",
  "complex334": "@.caml:{'no apples'} 334 | {0} apple 334 | {n}　apples 334",
  "complex335": "@.caml:{'no apples'} 335 | {0} apple 335 | {n}　apples 335",
  "complex336": "@.caml:{'no apples'} 336 | {0} apple 336 | {n}　apples 336",
  "complex337": "@.caml:{'no apples'} 337 | {0} apple 337 | {n}　apples 337",
  "complex338": "@.caml:{'no apples'} 338 | {0} apple 338 | {n}　apples 338",
  "complex339": "@.caml:{'no apples'} 339 | {0} apple 339 | {n}　apples 339",
  "complex340": "@.caml:{'no apples'} 340 | {0} apple 340 | {n}　apples 340",
  "complex341": "@.caml:{'no apples'} 341 | {0} apple 341 | {n}　apples 341",
  "complex342": "@.caml:{'no apples'} 342 | {0} apple 342 | {n}　apples 342",
  "complex343": "@.caml:{'no apples'} 343 | {0} apple 343 | {n}　apples 343",
  "complex344": "@.caml:{'no apples'} 344 | {0} apple 344 | {n}　apples 344",
  "complex345": "@.caml:{'no apples'} 345 | {0} apple 345 | {n}　apples 345",
  "complex346": "@.caml:{'no apples'} 346 | {0} apple 346 | {n}　apples 346",
  "complex347": "@.caml:{'no apples'} 347 | {0} apple 347 | {n}　apples 347",
  "complex348": "@.caml:{'no apples'} 348 | {0} apple 348 | {n}　apples 348",
  "complex349": "@.caml:{'no apples'} 349 | {0} apple 349 | {n}　apples 349",
  "complex350": "@.caml:{'no apples'} 350 | {0} apple 350 | {n}　apples 350",
  "complex351": "@.caml:{'no apples'} 351 | {0} apple 351 | {n}　apples 351",
  "complex352": "@.caml:{'no apples'} 352 | {0} apple 352 | {n}　apples 352",
  "complex353": "@.caml:{'no apples'} 353 | {0} apple 353 | {n}　apples 353",
  "complex354": "@.caml:{'no apples'} 354 | {0} apple 354 | {n}　apples 354",
  "complex355": "@.caml:{'no apples'} 355 | {0} apple 355 | {n}　apples 355",
  "complex356": "@.caml:{'no apples'} 356 | {0} apple 356 | {n}　apples 356",
  "complex357": "@.caml:{'no apples'} 357 | {0} apple 357 | {n}　apples 357",
  "complex358": "@.caml:{'no apples'} 358 | {0} apple 358 | {n}　apples 358",
  "complex359": "@.caml:{'no apples'} 359 | {0} apple 359 | {n}　apples 359",
  "complex360": "@.caml:{'no apples'} 360 | {0} apple 360 | {n}　apples 360",
  "complex361": "@.caml:{'no apples'} 361 | {0} apple 361 | {n}　apples 361",
  "complex362": "@.caml:{'no apples'} 362 | {0} apple 362 | {n}　apples 362",
  "complex363": "@.caml:{'no apples'} 363 | {0} apple 363 | {n}　apples 363",
  "complex364": "@.caml:{'no apples'} 364 | {0} apple 364 | {n}　apples 364",
  "complex365": "@.caml:{'no apples'} 365 | {0} apple 365 | {n}　apples 365",
  "complex366": "@.caml:{'no apples'} 366 | {0} apple 366 | {n}　apples 366",
  "complex367": "@.caml:{'no apples'} 367 | {0} apple 367 | {n}　apples 367",
  "complex368": "@.caml:{'no apples'} 368 | {0} apple 368 | {n}　apples 368",
  "complex369": "@.caml:{'no apples'} 369 | {0} apple 369 | {n}　apples 369",
  "complex370": "@.caml:{'no apples'} 370 | {0} apple 370 | {n}　apples 370",
  "complex371": "@.caml:{'no apples'} 371 | {0} apple 371 | {n}　apples 371",
  "complex372": "@.caml:{'no apples'} 372 | {0} apple 372 | {n}　apples 372",
  "complex373": "@.caml:{'no apples'} 373 | {0} apple 373 | {n}　apples 373",
  "complex374": "@.caml:{'no apples'} 374 | {0} apple 374 | {n}　apples 374",
  "complex375": "@.caml:{'no apples'} 375 | {0} apple 375 | {n}　apples 375",
  "complex376": "@.caml:{'no apples'} 376 | {0} apple 376 | {n}　apples 376",
  "complex377": "@.caml:{'no apples'} 377 | {0} apple 377 | {n}　apples 377",
  "complex378": "@.caml:{'no apples'} 378 | {0} apple 378 | {n}　apples 378",
  "complex379": "@.caml:{'no apples'} 379 | {0} apple 379 | {n}　apples 379",
  "complex380": "@.caml:{'no apples'} 380 | {0} apple 380 | {n}　apples 380",
  "complex381": "@.caml:{'no apples'} 381 | {0} apple 381 | {n}　apples 381",
  "complex382": "@.caml:{'no apples'} 382 | {0} apple 382 | {n}　apples 382",
  "complex383": "@.caml:{'no apples'} 383 | {0} apple 383 | {n}　apples 383",
  "complex384": "@.caml:{'no apples'} 384 | {0} apple 384 | {n}　apples 384",
  "complex385": "@.caml:{'no apples'} 385 | {0} apple 385 | {n}　apples 385",
  "complex386": "@.caml:{'no apples'} 386 | {0} apple 386 | {n}　apples 386",
  "complex387": "@.caml:{'no apples'} 387 | {0} apple 387 | {n}　apples 387",
  "complex388": "@.caml:{'no apples'} 388 | {0} apple 388 | {n}　apples 388",
  "complex389": "@.caml:{'no apples'} 389 | {0} apple 389 | {n}　apples 389",
  "complex390": "@.caml:{'no apples'} 390 | {0} apple 390 | {n}　apples 390",
  "complex391": "@.caml:{'no apples'} 391 | {0} apple 391 | {n}　apples 391",
  "complex392": "@.caml:{'no apples'} 392 | {0} apple 392 | {n}　apples 392",
  "complex393": "@.caml:{'no apples'} 393 | {0} apple 393 | {n}　apples 393",
  "complex394": "@.caml:{'no apples'} 394 | {0} apple 394 | {n}　apples 394",
  "complex395": "@.caml:{'no apples'} 395 | {0} apple 395 | {n}　apples 395",
  "complex396": "@.caml:{'no apples'} 396 | {0} apple 396 | {n}　apples 396",
  "complex397": "@.caml:{'no apples'} 397 | {0} apple 397 | {n}　apples 397",
  "complex398": "@.caml:{'no apples'} 398 | {0} apple 398 | {n}　apples 398",
  "complex399": "@.caml:{'no apples'} 399 | {0} apple 399 | {n}　apples 399",
  "complex400": "@.caml:{'no apples'} 400 | {0} apple 400 | {n}　apples 400",
  "complex401": "@.caml:{'no apples'} 401 | {0} apple 401 | {n}　apples 401",
  "complex402": "@.caml:{'no apples'} 402 | {0} apple 402 | {n}　apples 402",
  "complex403": "@.caml:{'no apples'} 403 | {0} apple 403 | {n}　apples 403",
  "complex404": "@.caml:{'no apples'} 404 | {0} apple 404 | {n}　apples 404",
  "complex405": "@.caml:{'no apples'} 405 | {0} apple 405 | {n}　apples 405",
  "complex406": "@.caml:{'no apples'} 406 | {0} apple 406 | {n}　apples 406",
  "complex407": "@.caml:{'no apples'} 407 | {0} apple 407 | {n}　apples 407",
  "complex408": "@.caml:{'no apples'} 408 | {0} apple 408 | {n}　apples 408",
  "complex409": "@.caml:{'no apples'} 409 | {0} apple 409 | {n}　apples 409",
  "complex410": "@.caml:{'no apples'} 410 | {0} apple 410 | {n}　apples 410",
  "complex411": "@.caml:{'no apples'} 411 | {0} apple 411 | {n}　apples 411",
  "complex412": "@.caml:{'no apples'} 412 | {0} apple 412 | {n}　apples 412",
  "complex413": "@.caml:{'no apples'} 413 | {0} apple 413 | {n}　apples 413",
  "complex414": "@.caml:{'no apples'} 414 | {0} apple 414 | {n}　apples 414",
  "complex415": "@.caml:{'no apples'} 415 | {0} apple 415 | {n}　apples 415",
  "complex416": "@.caml:{'no apples'} 416 | {0} apple 416 | {n}　apples 416",
  "complex417": "@.caml:{'no apples'} 417 | {0} apple 417 | {n}　apples 417",
  "complex418": "@.caml:{'no apples'} 418 | {0} apple 418 | {n}　apples 418",
  "complex419": "@.caml:{'no apples'} 419 | {0} apple 419 | {n}　apples 419",
  "complex420": "@.caml:{'no apples'} 420 | {0} apple 420 | {n}　apples 420",
  "complex421": "@.caml:{'no apples'} 421 | {0} apple 421 | {n}　apples 421",
  "complex422": "@.caml:{'no apples'} 422 | {0} apple 422 | {n}　apples 422",
  "complex423": "@.caml:{'no apples'} 423 | {0} apple 423 | {n}　apples 423",
  "complex424": "@.caml:{'no apples'} 424 | {0} apple 424 | {n}　apples 424",
  "complex425": "@.caml:{'no apples'} 425 | {0} apple 425 | {n}　apples 425",
  "complex426": "@.caml:{'no apples'} 426 | {0} apple 426 | {n}　apples 426",
  "complex427": "@.caml:{'no apples'} 427 | {0} apple 427 | {n}　apples 427",
  "complex428": "@.caml:{'no apples'} 428 | {0} apple 428 | {n}　apples 428",
  "complex429": "@.caml:{'no apples'} 429 | {0} apple 429 | {n}　apples 429",
  "complex430": "@.caml:{'no apples'} 430 | {0} apple 430 | {n}　apples 430",
  "complex431": "@.caml:{'no apples'} 431 | {0} apple 431 | {n}　apples 431",
  "complex432": "@.caml:{'no apples'} 432 | {0} apple 432 | {n}　apples 432",
  "complex433": "@.caml:{'no apples'} 433 | {0} apple 433 | {n}　apples 433",
  "complex434": "@.caml:{'no apples'} 434 | {0} apple 434 | {n}　apples 434",
  "complex435": "@.caml:{'no apples'} 435 | {0} apple 435 | {n}　apples 435",
  "complex436": "@.caml:{'no apples'} 436 | {0} apple 436 | {n}　apples 436",
  "complex437": "@.caml:{'no apples'} 437 | {0} apple 437 | {n}　apples 437",
  "complex438": "@.caml:{'no apples'} 438 | {0} apple 438 | {n}　apples 438",
  "complex439": "@.caml:{'no apples'} 439 | {0} apple 439 | {n}　apples 439",
  "complex440": "@.caml:{'no apples'} 440 | {0} apple 440 | {n}　apples 440",
  "complex441": "@.caml:{'no apples'} 441 | {0} apple 441 | {n}　apples 441",
  "complex442": "@.caml:{'no apples'} 442 | {0} apple 442 | {n}　apples 442",
  "complex443": "@.caml:{'no apples'} 443 | {0} apple 443 | {n}　apples 443",
  "complex444": "@.caml:{'no apples'} 444 | {0} apple 444 | {n}　apples 444",
  "complex445": "@.caml:{'no apples'} 445 | {0} apple 445 | {n}　apples 445",
  "complex446": "@.caml:{'no apples'} 446 | {0} apple 446 | {n}　apples 446",
  "complex447": "@.caml:{'no apples'} 447 | {0} apple 447 | {n}　apples 447",
  "complex448": "@.caml:{'no apples'} 448 | {0} apple 448 | {n}　apples 448",
  "complex449": "@.caml:{'no apples'} 449 | {0} apple 449 | {n}　apples 449",
  "complex450": "@.caml:{'no apples'} 450 | {0} apple 450 | {n}　apples 450",
  "complex451": "@.caml:{'no apples'} 451 | {0} apple 451 | {n}　apples 451",
  "complex452": "@.caml:{'no apples'} 452 | {0} apple 452 | {n}　apples 452",
  "complex453": "@.caml:{'no apples'} 453 | {0} apple 453 | {n}　apples 453",
  "complex454": "@.caml:{'no apples'} 454 | {0} apple 454 | {n}　apples 454",
  "complex455": "@.caml:{'no apples'} 455 | {0} apple 455 | {n}　apples 455",
  "complex456": "@.caml:{'no apples'} 456 | {0} apple 456 | {n}　apples 456",
  "complex457": "@.caml:{'no apples'} 457 | {0} apple 457 | {n}　apples 457",
  "complex458": "@.caml:{'no apples'} 458 | {0} apple 458 | {n}　apples 458",
  "complex459": "@.caml:{'no apples'} 459 | {0} apple 459 | {n}　apples 459",
  "complex460": "@.caml:{'no apples'} 460 | {0} apple 460 | {n}　apples 460",
  "complex461": "@.caml:{'no apples'} 461 | {0} apple 461 | {n}　apples 461",
  "complex462": "@.caml:{'no apples'} 462 | {0} apple 462 | {n}　apples 462",
  "complex463": "@.caml:{'no apples'} 463 | {0} apple 463 | {n}　apples 463",
  "complex464": "@.caml:{'no apples'} 464 | {0} apple 464 | {n}　apples 464",
  "complex465": "@.caml:{'no apples'} 465 | {0} apple 465 | {n}　apples 465",
  "complex466": "@.caml:{'no apples'} 466 | {0} apple 466 | {n}　apples 466",
  "complex467": "@.caml:{'no apples'} 467 | {0} apple 467 | {n}　apples 467",
  "complex468": "@.caml:{'no apples'} 468 | {0} apple 468 | {n}　apples 468",
  "complex469": "@.caml:{'no apples'} 469 | {0} apple 469 | {n}　apples 469",
  "complex470": "@.caml:{'no apples'} 470 | {0} apple 470 | {n}　apples 470",
  "complex471": "@.caml:{'no apples'} 471 | {0} apple 471 | {n}　apples 471",
  "complex472": "@.caml:{'no apples'} 472 | {0} apple 472 | {n}　apples 472",
  "complex473": "@.caml:{'no apples'} 473 | {0} apple 473 | {n}　apples 473",
  "complex474": "@.caml:{'no apples'} 474 | {0} apple 474 | {n}　apples 474",
  "complex475": "@.caml:{'no apples'} 475 | {0} apple 475 | {n}　apples 475",
  "complex476": "@.caml:{'no apples'} 476 | {0} apple 476 | {n}　apples 476",
  "complex477": "@.caml:{'no apples'} 477 | {0} apple 477 | {n}　apples 477",
  "complex478": "@.caml:{'no apples'} 478 | {0} apple 478 | {n}　apples 478",
  "complex479": "@.caml:{'no apples'} 479 | {0} apple 479 | {n}　apples 479",
  "complex480": "@.caml:{'no apples'} 480 | {0} apple 480 | {n}　apples 480",
  "complex481": "@.caml:{'no apples'} 481 | {0} apple 481 | {n}　apples 481",
  "complex482": "@.caml:{'no apples'} 482 | {0} apple 482 | {n}　apples 482",
  "complex483": "@.caml:{'no apples'} 483 | {0} apple 483 | {n}　apples 483",
  "complex484": "@.caml:{'no apples'} 484 | {0} apple 484 | {n}　apples 484",
  "complex485": "@.caml:{'no apples'} 485 | {0} apple 485 | {n}　apples 485",
  "complex486": "@.caml:{'no apples'} 486 | {0} apple 486 | {n}　apples 486",
  "complex487": "@.caml:{'no apples'} 487 | {0} apple 487 | {n}　apples 487",
  "complex488": "@.caml:{'no apples'} 488 | {0} apple 488 | {n}　apples 488",
  "complex489": "@.caml:{'no apples'} 489 | {0} apple 489 | {n}　apples 489",
  "complex490": "@.caml:{'no apples'} 490 | {0} apple 490 | {n}　apples 490",
  "complex491": "@.caml:{'no apples'} 491 | {0} apple 491 | {n}　apples 491",
  "complex492": "@.caml:{'no apples'} 492 | {0} apple 492 | {n}　apples 492",
  "complex493": "@.caml:{'no apples'} 493 | {0} apple 493 | {n}　apples 493",
  "complex494": "@.caml:{'no apples'} 494 | {0} apple 494 | {n}　apples 494",
  "complex495": "@.caml:{'no apples'} 495 | {0} apple 495 | {n}　apples 495",
  "complex496": "@.caml:{'no apples'} 496 | {0} apple 496 | {n}　apples 496",
  "complex497": "@.caml:{'no apples'} 497 | {0} apple 497 | {n}　apples 497",
  "complex498": "@.caml:{'no apples'} 498 | {0} apple 498 | {n}　apples 498",
  "complex499": "@.caml:{'no apples'} 499 | {0} apple 499 | {n}　apples 499",
  "complex500": "@.caml:{'no apples'} 500 | {0} apple 500 | {n}　apples 500",
  "complex501": "@.caml:{'no apples'} 501 | {0} apple 501 | {n}　apples 501",
  "complex502": "@.caml:{'no apples'} 502 | {0} apple 502 | {n}　apples 502",
  "complex503": "@.caml:{'no apples'} 503 | {0} apple 503 | {n}　apples 503",
  "complex504": "@.caml:{'no apples'} 504 | {0} apple 504 | {n}　apples 504",
  "complex505": "@.caml:{'no apples'} 505 | {0} apple 505 | {n}　apples 505",
  "complex506": "@.caml:{'no apples'} 506 | {0} apple 506 | {n}　apples 506",
  "complex507": "@.caml:{'no apples'} 507 | {0} apple 507 | {n}　apples 507",
  "complex508": "@.caml:{'no apples'} 508 | {0} apple 508 | {n}　apples 508",
  "complex509": "@.caml:{'no apples'} 509 | {0} apple 509 | {n}　apples 509",
  "complex510": "@.caml:{'no apples'} 510 | {0} apple 510 | {n}　apples 510",
  "complex511": "@.caml:{'no apples'} 511 | {0} apple 511 | {n}　apples 511",
  "complex512": "@.caml:{'no apples'} 512 | {0} apple 512 | {n}　apples 512",
  "complex513": "@.caml:{'no apples'} 513 | {0} apple 513 | {n}　apples 513",
  "complex514": "@.caml:{'no apples'} 514 | {0} apple 514 | {n}　apples 514",
  "complex515": "@.caml:{'no apples'} 515 | {0} apple 515 | {n}　apples 515",
  "complex516": "@.caml:{'no apples'} 516 | {0} apple 516 | {n}　apples 516",
  "complex517": "@.caml:{'no apples'} 517 | {0} apple 517 | {n}　apples 517",
  "complex518": "@.caml:{'no apples'} 518 | {0} apple 518 | {n}　apples 518",
  "complex519": "@.caml:{'no apples'} 519 | {0} apple 519 | {n}　apples 519",
  "complex520": "@.caml:{'no apples'} 520 | {0} apple 520 | {n}　apples 520",
  "complex521": "@.caml:{'no apples'} 521 | {0} apple 521 | {n}　apples 521",
  "complex522": "@.caml:{'no apples'} 522 | {0} apple 522 | {n}　apples 522",
  "complex523": "@.caml:{'no apples'} 523 | {0} apple 523 | {n}　apples 523",
  "complex524": "@.caml:{'no apples'} 524 | {0} apple 524 | {n}　apples 524",
  "complex525": "@.caml:{'no apples'} 525 | {0} apple 525 | {n}　apples 525",
  "complex526": "@.caml:{'no apples'} 526 | {0} apple 526 | {n}　apples 526",
  "complex527": "@.caml:{'no apples'} 527 | {0} apple 527 | {n}　apples 527",
  "complex528": "@.caml:{'no apples'} 528 | {0} apple 528 | {n}　apples 528",
  "complex529": "@.caml:{'no apples'} 529 | {0} apple 529 | {n}　apples 529",
  "complex530": "@.caml:{'no apples'} 530 | {0} apple 530 | {n}　apples 530",
  "complex531": "@.caml:{'no apples'} 531 | {0} apple 531 | {n}　apples 531",
  "complex532": "@.caml:{'no apples'} 532 | {0} apple 532 | {n}　apples 532",
  "complex533": "@.caml:{'no apples'} 533 | {0} apple 533 | {n}　apples 533",
  "complex534": "@.caml:{'no apples'} 534 | {0} apple 534 | {n}　apples 534",
  "complex535": "@.caml:{'no apples'} 535 | {0} apple 535 | {n}　apples 535",
  "complex536": "@.caml:{'no apples'} 536 | {0} apple 536 | {n}　apples 536",
  "complex537": "@.caml:{'no apples'} 537 | {0} apple 537 | {n}　apples 537",
  "complex538": "@.caml:{'no apples'} 538 | {0} apple 538 | {n}　apples 538",
  "complex539": "@.caml:{'no apples'} 539 | {0} apple 539 | {n}　apples 539",
  "complex540": "@.caml:{'no apples'} 540 | {0} apple 540 | {n}　apples 540",
  "complex541": "@.caml:{'no apples'} 541 | {0} apple 541 | {n}　apples 541",
  "complex542": "@.caml:{'no apples'} 542 | {0} apple 542 | {n}　apples 542",
  "complex543": "@.caml:{'no apples'} 543 | {0} apple 543 | {n}　apples 543",
  "complex544": "@.caml:{'no apples'} 544 | {0} apple 544 | {n}　apples 544",
  "complex545": "@.caml:{'no apples'} 545 | {0} apple 545 | {n}　apples 545",
  "complex546": "@.caml:{'no apples'} 546 | {0} apple 546 | {n}　apples 546",
  "complex547": "@.caml:{'no apples'} 547 | {0} apple 547 | {n}　apples 547",
  "complex548": "@.caml:{'no apples'} 548 | {0} apple 548 | {n}　apples 548",
  "complex549": "@.caml:{'no apples'} 549 | {0} apple 549 | {n}　apples 549",
  "complex550": "@.caml:{'no apples'} 550 | {0} apple 550 | {n}　apples 550",
  "complex551": "@.caml:{'no apples'} 551 | {0} apple 551 | {n}　apples 551",
  "complex552": "@.caml:{'no apples'} 552 | {0} apple 552 | {n}　apples 552",
  "complex553": "@.caml:{'no apples'} 553 | {0} apple 553 | {n}　apples 553",
  "complex554": "@.caml:{'no apples'} 554 | {0} apple 554 | {n}　apples 554",
  "complex555": "@.caml:{'no apples'} 555 | {0} apple 555 | {n}　apples 555",
  "complex556": "@.caml:{'no apples'} 556 | {0} apple 556 | {n}　apples 556",
  "complex557": "@.caml:{'no apples'} 557 | {0} apple 557 | {n}　apples 557",
  "complex558": "@.caml:{'no apples'} 558 | {0} apple 558 | {n}　apples 558",
  "complex559": "@.caml:{'no apples'} 559 | {0} apple 559 | {n}　apples 559",
  "complex560": "@.caml:{'no apples'} 560 | {0} apple 560 | {n}　apples 560",
  "complex561": "@.caml:{'no apples'} 561 | {0} apple 561 | {n}　apples 561",
  "complex562": "@.caml:{'no apples'} 562 | {0} apple 562 | {n}　apples 562",
  "complex563": "@.caml:{'no apples'} 563 | {0} apple 563 | {n}　apples 563",
  "complex564": "@.caml:{'no apples'} 564 | {0} apple 564 | {n}　apples 564",
  "complex565": "@.caml:{'no apples'} 565 | {0} apple 565 | {n}　apples 565",
  "complex566": "@.caml:{'no apples'} 566 | {0} apple 566 | {n}　apples 566",
  "complex567": "@.caml:{'no apples'} 567 | {0} apple 567 | {n}　apples 567",
  "complex568": "@.caml:{'no apples'} 568 | {0} apple 568 | {n}　apples 568",
  "complex569": "@.caml:{'no apples'} 569 | {0} apple 569 | {n}　apples 569",
  "complex570": "@.caml:{'no apples'} 570 | {0} apple 570 | {n}　apples 570",
  "complex571": "@.caml:{'no apples'} 571 | {0} apple 571 | {n}　apples 571",
  "complex572": "@.caml:{'no apples'} 572 | {0} apple 572 | {n}　apples 572",
  "complex573": "@.caml:{'no apples'} 573 | {0} apple 573 | {n}　apples 573",
  "complex574": "@.caml:{'no apples'} 574 | {0} apple 574 | {n}　apples 574",
  "complex575": "@.caml:{'no apples'} 575 | {0} apple 575 | {n}　apples 575",
  "complex576": "@.caml:{'no apples'} 576 | {0} apple 576 | {n}　apples 576",
  "complex577": "@.caml:{'no apples'} 577 | {0} apple 577 | {n}　apples 577",
  "complex578": "@.caml:{'no apples'} 578 | {0} apple 578 | {n}　apples 578",
  "complex579": "@.caml:{'no apples'} 579 | {0} apple 579 | {n}　apples 579",
  "complex580": "@.caml:{'no apples'} 580 | {0} apple 580 | {n}　apples 580",
  "complex581": "@.caml:{'no apples'} 581 | {0} apple 581 | {n}　apples 581",
  "complex582": "@.caml:{'no apples'} 582 | {0} apple 582 | {n}　apples 582",
  "complex583": "@.caml:{'no apples'} 583 | {0} apple 583 | {n}　apples 583",
  "complex584": "@.caml:{'no apples'} 584 | {0} apple 584 | {n}　apples 584",
  "complex585": "@.caml:{'no apples'} 585 | {0} apple 585 | {n}　apples 585",
  "complex586": "@.caml:{'no apples'} 586 | {0} apple 586 | {n}　apples 586",
  "complex587": "@.caml:{'no apples'} 587 | {0} apple 587 | {n}　apples 587",
  "complex588": "@.caml:{'no apples'} 588 | {0} apple 588 | {n}　apples 588",
  "complex589": "@.caml:{'no apples'} 589 | {0} apple 589 | {n}　apples 589",
  "complex590": "@.caml:{'no apples'} 590 | {0} apple 590 | {n}　apples 590",
  "complex591": "@.caml:{'no apples'} 591 | {0} apple 591 | {n}　apples 591",
  "complex592": "@.caml:{'no apples'} 592 | {0} apple 592 | {n}　apples 592",
  "complex593": "@.caml:{'no apples'} 593 | {0} apple 593 | {n}　apples 593",
  "complex594": "@.caml:{'no apples'} 594 | {0} apple 594 | {n}　apples 594",
  "complex595": "@.caml:{'no apples'} 595 | {0} apple 595 | {n}　apples 595",
  "complex596": "@.caml:{'no apples'} 596 | {0} apple 596 | {n}　apples 596",
  "complex597": "@.caml:{'no apples'} 597 | {0} apple 597 | {n}　apples 597",
  "complex598": "@.caml:{'no apples'} 598 | {0} apple 598 | {n}　apples 598",
  "complex599": "@.caml:{'no apples'} 599 | {0} apple 599 | {n}　apples 599",
  "complex600": "@.caml:{'no apples'} 600 | {0} apple 600 | {n}　apples 600",
  "complex601": "@.caml:{'no apples'} 601 | {0} apple 601 | {n}　apples 601",
  "complex602": "@.caml:{'no apples'} 602 | {0} apple 602 | {n}　apples 602",
  "complex603": "@.caml:{'no apples'} 603 | {0} apple 603 | {n}　apples 603",
  "complex604": "@.caml:{'no apples'} 604 | {0} apple 604 | {n}　apples 604",
  "complex605": "@.caml:{'no apples'} 605 | {0} apple 605 | {n}　apples 605",
  "complex606": "@.caml:{'no apples'} 606 | {0} apple 606 | {n}　apples 606",
  "complex607": "@.caml:{'no apples'} 607 | {0} apple 607 | {n}　apples 607",
  "complex608": "@.caml:{'no apples'} 608 | {0} apple 608 | {n}　apples 608",
  "complex609": "@.caml:{'no apples'} 609 | {0} apple 609 | {n}　apples 609",
  "complex610": "@.caml:{'no apples'} 610 | {0} apple 610 | {n}　apples 610",
  "complex611": "@.caml:{'no apples'} 611 | {0} apple 611 | {n}　apples 611",
  "complex612": "@.caml:{'no apples'} 612 | {0} apple 612 | {n}　apples 612",
  "complex613": "@.caml:{'no apples'} 613 | {0} apple 613 | {n}　apples 613",
  "complex614": "@.caml:{'no apples'} 614 | {0} apple 614 | {n}　apples 614",
  "complex615": "@.caml:{'no apples'} 615 | {0} apple 615 | {n}　apples 615",
  "complex616": "@.caml:{'no apples'} 616 | {0} apple 616 | {n}　apples 616",
  "complex617": "@.caml:{'no apples'} 617 | {0} apple 617 | {n}　apples 617",
  "complex618": "@.caml:{'no apples'} 618 | {0} apple 618 | {n}　apples 618",
  "complex619": "@.caml:{'no apples'} 619 | {0} apple 619 | {n}　apples 619",
  "complex620": "@.caml:{'no apples'} 620 | {0} apple 620 | {n}　apples 620",
  "complex621": "@.caml:{'no apples'} 621 | {0} apple 621 | {n}　apples 621",
  "complex622": "@.caml:{'no apples'} 622 | {0} apple 622 | {n}　apples 622",
  "complex623": "@.caml:{'no apples'} 623 | {0} apple 623 | {n}　apples 623",
  "complex624": "@.caml:{'no apples'} 624 | {0} apple 624 | {n}　apples 624",
  "complex625": "@.caml:{'no apples'} 625 | {0} apple 625 | {n}　apples 625",
  "complex626": "@.caml:{'no apples'} 626 | {0} apple 626 | {n}　apples 626",
  "complex627": "@.caml:{'no apples'} 627 | {0} apple 627 | {n}　apples 627",
  "complex628": "@.caml:{'no apples'} 628 | {0} apple 628 | {n}　apples 628",
  "complex629": "@.caml:{'no apples'} 629 | {0} apple 629 | {n}　apples 629",
  "complex630": "@.caml:{'no apples'} 630 | {0} apple 630 | {n}　apples 630",
  "complex631": "@.caml:{'no apples'} 631 | {0} apple 631 | {n}　apples 631",
  "complex632": "@.caml:{'no apples'} 632 | {0} apple 632 | {n}　apples 632",
  "complex633": "@.caml:{'no apples'} 633 | {0} apple 633 | {n}　apples 633",
  "complex634": "@.caml:{'no apples'} 634 | {0} apple 634 | {n}　apples 634",
  "complex635": "@.caml:{'no apples'} 635 | {0} apple 635 | {n}　apples 635",
  "complex636": "@.caml:{'no apples'} 636 | {0} apple 636 | {n}　apples 636",
  "complex637": "@.caml:{'no apples'} 637 | {0} apple 637 | {n}　apples 637",
  "complex638": "@.caml:{'no apples'} 638 | {0} apple 638 | {n}　apples 638",
  "complex639": "@.caml:{'no apples'} 639 | {0} apple 639 | {n}　apples 639",
  "complex640": "@.caml:{'no apples'} 640 | {0} apple 640 | {n}　apples 640",
  "complex641": "@.caml:{'no apples'} 641 | {0} apple 641 | {n}　apples 641",
  "complex642": "@.caml:{'no apples'} 642 | {0} apple 642 | {n}　apples 642",
  "complex643": "@.caml:{'no apples'} 643 | {0} apple 643 | {n}　apples 643",
  "complex644": "@.caml:{'no apples'} 644 | {0} apple 644 | {n}　apples 644",
  "complex645": "@.caml:{'no apples'} 645 | {0} apple 645 | {n}　apples 645",
  "complex646": "@.caml:{'no apples'} 646 | {0} apple 646 | {n}　apples 646",
  "complex647": "@.caml:{'no apples'} 647 | {0} apple 647 | {n}　apples 647",
  "complex648": "@.caml:{'no apples'} 648 | {0} apple 648 | {n}　apples 648",
  "complex649": "@.caml:{'no apples'} 649 | {0} apple 649 | {n}　apples 649",
  "complex650": "@.caml:{'no apples'} 650 | {0} apple 650 | {n}　apples 650",
  "complex651": "@.caml:{'no apples'} 651 | {0} apple 651 | {n}　apples 651",
  "complex652": "@.caml:{'no apples'} 652 | {0} apple 652 | {n}　apples 652",
  "complex653": "@.caml:{'no apples'} 653 | {0} apple 653 | {n}　apples 653",
  "complex654": "@.caml:{'no apples'} 654 | {0} apple 654 | {n}　apples 654",
  "complex655": "@.caml:{'no apples'} 655 | {0} apple 655 | {n}　apples 655",
  "complex656": "@.caml:{'no apples'} 656 | {0} apple 656 | {n}　apples 656",
  "complex657": "@.caml:{'no apples'} 657 | {0} apple 657 | {n}　apples 657",
  "complex658": "@.caml:{'no apples'} 658 | {0} apple 658 | {n}　apples 658",
  "complex659": "@.caml:{'no apples'} 659 | {0} apple 659 | {n}　apples 659",
  "complex660": "@.caml:{'no apples'} 660 | {0} apple 660 | {n}　apples 660",
  "complex661": "@.caml:{'no apples'} 661 | {0} apple 661 | {n}　apples 661",
  "complex662": "@.caml:{'no apples'} 662 | {0} apple 662 | {n}　apples 662",
  "complex663": "@.caml:{'no apples'} 663 | {0} apple 663 | {n}　apples 663",
  "complex664": "@.caml:{'no apples'} 664 | {0} apple 664 | {n}　apples 664",
  "complex665": "@.caml:{'no apples'} 665 | {0} apple 665 | {n}　apples 665",
  "complex666": "@.caml:{'no apples'} 666 | {0} apple 666 | {n}　apples 666",
  "complex667": "@.caml:{'no apples'} 667 | {0} apple 667 | {n}　apples 667",
  "complex668": "@.caml:{'no apples'} 668 | {0} apple 668 | {n}　apples 668",
  "complex669": "@.caml:{'no apples'} 669 | {0} apple 669 | {n}　apples 669",
  "complex670": "@.caml:{'no apples'} 670 | {0} apple 670 | {n}　apples 670",
  "complex671": "@.caml:{'no apples'} 671 | {0} apple 671 | {n}　apples 671",
  "complex672": "@.caml:{'no apples'} 672 | {0} apple 672 | {n}　apples 672",
  "complex673": "@.caml:{'no apples'} 673 | {0} apple 673 | {n}　apples 673",
  "complex674": "@.caml:{'no apples'} 674 | {0} apple 674 | {n}　apples 674",
  "complex675": "@.caml:{'no apples'} 675 | {0} apple 675 | {n}　apples 675",
  "complex676": "@.caml:{'no apples'} 676 | {0} apple 676 | {n}　apples 676",
  "complex677": "@.caml:{'no apples'} 677 | {0} apple 677 | {n}　apples 677",
  "complex678": "@.caml:{'no apples'} 678 | {0} apple 678 | {n}　apples 678",
  "complex679": "@.caml:{'no apples'} 679 | {0} apple 679 | {n}　apples 679",
  "complex680": "@.caml:{'no apples'} 680 | {0} apple 680 | {n}　apples 680",
  "complex681": "@.caml:{'no apples'} 681 | {0} apple 681 | {n}　apples 681",
  "complex682": "@.caml:{'no apples'} 682 | {0} apple 682 | {n}　apples 682",
  "complex683": "@.caml:{'no apples'} 683 | {0} apple 683 | {n}　apples 683",
  "complex684": "@.caml:{'no apples'} 684 | {0} apple 684 | {n}　apples 684",
  "complex685": "@.caml:{'no apples'} 685 | {0} apple 685 | {n}　apples 685",
  "complex686": "@.caml:{'no apples'} 686 | {0} apple 686 | {n}　apples 686",
  "complex687": "@.caml:{'no apples'} 687 | {0} apple 687 | {n}　apples 687",
  "complex688": "@.caml:{'no apples'} 688 | {0} apple 688 | {n}　apples 688",
  "complex689": "@.caml:{'no apples'} 689 | {0} apple 689 | {n}　apples 689",
  "complex690": "@.caml:{'no apples'} 690 | {0} apple 690 | {n}　apples 690",
  "complex691": "@.caml:{'no apples'} 691 | {0} apple 691 | {n}　apples 691",
  "complex692": "@.caml:{'no apples'} 692 | {0} apple 692 | {n}　apples 692",
  "complex693": "@.caml:{'no apples'} 693 | {0} apple 693 | {n}　apples 693",
  "complex694": "@.caml:{'no apples'} 694 | {0} apple 694 | {n}　apples 694",
  "complex695": "@.caml:{'no apples'} 695 | {0} apple 695 | {n}　apples 695",
  "complex696": "@.caml:{'no apples'} 696 | {0} apple 696 | {n}　apples 696",
  "complex697": "@.caml:{'no apples'} 697 | {0} apple 697 | {n}　apples 697",
  "complex698": "@.caml:{'no apples'} 698 | {0} apple 698 | {n}　apples 698",
  "complex699": "@.caml:{'no apples'} 699 | {0} apple 699 | {n}　apples 699",
  "complex700": "@.caml:{'no apples'} 700 | {0} apple 700 | {n}　apples 700",
  "complex701": "@.caml:{'no apples'} 701 | {0} apple 701 | {n}　apples 701",
  "complex702": "@.caml:{'no apples'} 702 | {0} apple 702 | {n}　apples 702",
  "complex703": "@.caml:{'no apples'} 703 | {0} apple 703 | {n}　apples 703",
  "complex704": "@.caml:{'no apples'} 704 | {0} apple 704 | {n}　apples 704",
  "complex705": "@.caml:{'no apples'} 705 | {0} apple 705 | {n}　apples 705",
  "complex706": "@.caml:{'no apples'} 706 | {0} apple 706 | {n}　apples 706",
  "complex707": "@.caml:{'no apples'} 707 | {0} apple 707 | {n}　apples 707",
  "complex708": "@.caml:{'no apples'} 708 | {0} apple 708 | {n}　apples 708",
  "complex709": "@.caml:{'no apples'} 709 | {0} apple 709 | {n}　apples 709",
  "complex710": "@.caml:{'no apples'} 710 | {0} apple 710 | {n}　apples 710",
  "complex711": "@.caml:{'no apples'} 711 | {0} apple 711 | {n}　apples 711",
  "complex712": "@.caml:{'no apples'} 712 | {0} apple 712 | {n}　apples 712",
  "complex713": "@.caml:{'no apples'} 713 | {0} apple 713 | {n}　apples 713",
  "complex714": "@.caml:{'no apples'} 714 | {0} apple 714 | {n}　apples 714",
  "complex715": "@.caml:{'no apples'} 715 | {0} apple 715 | {n}　apples 715",
  "complex716": "@.caml:{'no apples'} 716 | {0} apple 716 | {n}　apples 716",
  "complex717": "@.caml:{'no apples'} 717 | {0} apple 717 | {n}　apples 717",
  "complex718": "@.caml:{'no apples'} 718 | {0} apple 718 | {n}　apples 718",
  "complex719": "@.caml:{'no apples'} 719 | {0} apple 719 | {n}　apples 719",
  "complex720": "@.caml:{'no apples'} 720 | {0} apple 720 | {n}　apples 720",
  "complex721": "@.caml:{'no apples'} 721 | {0} apple 721 | {n}　apples 721",
  "complex722": "@.caml:{'no apples'} 722 | {0} apple 722 | {n}　apples 722",
  "complex723": "@.caml:{'no apples'} 723 | {0} apple 723 | {n}　apples 723",
  "complex724": "@.caml:{'no apples'} 724 | {0} apple 724 | {n}　apples 724",
  "complex725": "@.caml:{'no apples'} 725 | {0} apple 725 | {n}　apples 725",
  "complex726": "@.caml:{'no apples'} 726 | {0} apple 726 | {n}　apples 726",
  "complex727": "@.caml:{'no apples'} 727 | {0} apple 727 | {n}　apples 727",
  "complex728": "@.caml:{'no apples'} 728 | {0} apple 728 | {n}　apples 728",
  "complex729": "@.caml:{'no apples'} 729 | {0} apple 729 | {n}　apples 729",
  "complex730": "@.caml:{'no apples'} 730 | {0} apple 730 | {n}　apples 730",
  "complex731": "@.caml:{'no apples'} 731 | {0} apple 731 | {n}　apples 731",
  "complex732": "@.caml:{'no apples'} 732 | {0} apple 732 | {n}　apples 732",
  "complex733": "@.caml:{'no apples'} 733 | {0} apple 733 | {n}　apples 733",
  "complex734": "@.caml:{'no apples'} 734 | {0} apple 734 | {n}　apples 734",
  "complex735": "@.caml:{'no apples'} 735 | {0} apple 735 | {n}　apples 735",
  "complex736": "@.caml:{'no apples'} 736 | {0} apple 736 | {n}　apples 736",
  "complex737": "@.caml:{'no apples'} 737 | {0} apple 737 | {n}　apples 737",
  "complex738": "@.caml:{'no apples'} 738 | {0} apple 738 | {n}　apples 738",
  "complex739": "@.caml:{'no apples'} 739 | {0} apple 739 | {n}　apples 739",
  "complex740": "@.caml:{'no apples'} 740 | {0} apple 740 | {n}　apples 740",
  "complex741": "@.caml:{'no apples'} 741 | {0} apple 741 | {n}　apples 741",
  "complex742": "@.caml:{'no apples'} 742 | {0} apple 742 | {n}　apples 742",
  "complex743": "@.caml:{'no apples'} 743 | {0} apple 743 | {n}　apples 743",
  "complex744": "@.caml:{'no apples'} 744 | {0} apple 744 | {n}　apples 744",
  "complex745": "@.caml:{'no apples'} 745 | {0} apple 745 | {n}　apples 745",
  "complex746": "@.caml:{'no apples'} 746 | {0} apple 746 | {n}　apples 746",
  "complex747": "@.caml:{'no apples'} 747 | {0} apple 747 | {n}　apples 747",
  "complex748": "@.caml:{'no apples'} 748 | {0} apple 748 | {n}　apples 748",
  "complex749": "@.caml:{'no apples'} 749 | {0} apple 749 | {n}　apples 749",
  "complex750": "@.caml:{'no apples'} 750 | {0} apple 750 | {n}　apples 750",
  "complex751": "@.caml:{'no apples'} 751 | {0} apple 751 | {n}　apples 751",
  "complex752": "@.caml:{'no apples'} 752 | {0} apple 752 | {n}　apples 752",
  "complex753": "@.caml:{'no apples'} 753 | {0} apple 753 | {n}　apples 753",
  "complex754": "@.caml:{'no apples'} 754 | {0} apple 754 | {n}　apples 754",
  "complex755": "@.caml:{'no apples'} 755 | {0} apple 755 | {n}　apples 755",
  "complex756": "@.caml:{'no apples'} 756 | {0} apple 756 | {n}　apples 756",
  "complex757": "@.caml:{'no apples'} 757 | {0} apple 757 | {n}　apples 757",
  "complex758": "@.caml:{'no apples'} 758 | {0} apple 758 | {n}　apples 758",
  "complex759": "@.caml:{'no apples'} 759 | {0} apple 759 | {n}　apples 759",
  "complex760": "@.caml:{'no apples'} 760 | {0} apple 760 | {n}　apples 760",
  "complex761": "@.caml:{'no apples'} 761 | {0} apple 761 | {n}　apples 761",
  "complex762": "@.caml:{'no apples'} 762 | {0} apple 762 | {n}　apples 762",
  "complex763": "@.caml:{'no apples'} 763 | {0} apple 763 | {n}　apples 763",
  "complex764": "@.caml:{'no apples'} 764 | {0} apple 764 | {n}　apples 764",
  "complex765": "@.caml:{'no apples'} 765 | {0} apple 765 | {n}　apples 765",
  "complex766": "@.caml:{'no apples'} 766 | {0} apple 766 | {n}　apples 766",
  "complex767": "@.caml:{'no apples'} 767 | {0} apple 767 | {n}　apples 767",
  "complex768": "@.caml:{'no apples'} 768 | {0} apple 768 | {n}　apples 768",
  "complex769": "@.caml:{'no apples'} 769 | {0} apple 769 | {n}　apples 769",
  "complex770": "@.caml:{'no apples'} 770 | {0} apple 770 | {n}　apples 770",
  "complex771": "@.caml:{'no apples'} 771 | {0} apple 771 | {n}　apples 771",
  "complex772": "@.caml:{'no apples'} 772 | {0} apple 772 | {n}　apples 772",
  "complex773": "@.caml:{'no apples'} 773 | {0} apple 773 | {n}　apples 773",
  "complex774": "@.caml:{'no apples'} 774 | {0} apple 774 | {n}　apples 774",
  "complex775": "@.caml:{'no apples'} 775 | {0} apple 775 | {n}　apples 775",
  "complex776": "@.caml:{'no apples'} 776 | {0} apple 776 | {n}　apples 776",
  "complex777": "@.caml:{'no apples'} 777 | {0} apple 777 | {n}　apples 777",
  "complex778": "@.caml:{'no apples'} 778 | {0} apple 778 | {n}　apples 778",
  "complex779": "@.caml:{'no apples'} 779 | {0} apple 779 | {n}　apples 779",
  "complex780": "@.caml:{'no apples'} 780 | {0} apple 780 | {n}　apples 780",
  "complex781": "@.caml:{'no apples'} 781 | {0} apple 781 | {n}　apples 781",
  "complex782": "@.caml:{'no apples'} 782 | {0} apple 782 | {n}　apples 782",
  "complex783": "@.caml:{'no apples'} 783 | {0} apple 783 | {n}　apples 783",
  "complex784": "@.caml:{'no apples'} 784 | {0} apple 784 | {n}　apples 784",
  "complex785": "@.caml:{'no apples'} 785 | {0} apple 785 | {n}　apples 785",
  "complex786": "@.caml:{'no apples'} 786 | {0} apple 786 | {n}　apples 786",
  "complex787": "@.caml:{'no apples'} 787 | {0} apple 787 | {n}　apples 787",
  "complex788": "@.caml:{'no apples'} 788 | {0} apple 788 | {n}　apples 788",
  "complex789": "@.caml:{'no apples'} 789 | {0} apple 789 | {n}　apples 789",
  "complex790": "@.caml:{'no apples'} 790 | {0} apple 790 | {n}　apples 790",
  "complex791": "@.caml:{'no apples'} 791 | {0} apple 791 | {n}　apples 791",
  "complex792": "@.caml:{'no apples'} 792 | {0} apple 792 | {n}　apples 792",
  "complex793": "@.caml:{'no apples'} 793 | {0} apple 793 | {n}　apples 793",
  "complex794": "@.caml:{'no apples'} 794 | {0} apple 794 | {n}　apples 794",
  "complex795": "@.caml:{'no apples'} 795 | {0} apple 795 | {n}　apples 795",
  "complex796": "@.caml:{'no apples'} 796 | {0} apple 796 | {n}　apples 796",
  "complex797": "@.caml:{'no apples'} 797 | {0} apple 797 | {n}　apples 797",
  "complex798": "@.caml:{'no apples'} 798 | {0} apple 798 | {n}　apples 798",
  "complex799": "@.caml:{'no apples'} 799 | {0} apple 799 | {n}　apples 799",
  "complex800": "@.caml:{'no apples'} 800 | {0} apple 800 | {n}　apples 800",
  "complex801": "@.caml:{'no apples'} 801 | {0} apple 801 | {n}　apples 801",
  "complex802": "@.caml:{'no apples'} 802 | {0} apple 802 | {n}　apples 802",
  "complex803": "@.caml:{'no apples'} 803 | {0} apple 803 | {n}　apples 803",
  "complex804": "@.caml:{'no apples'} 804 | {0} apple 804 | {n}　apples 804",
  "complex805": "@.caml:{'no apples'} 805 | {0} apple 805 | {n}　apples 805",
  "complex806": "@.caml:{'no apples'} 806 | {0} apple 806 | {n}　apples 806",
  "complex807": "@.caml:{'no apples'} 807 | {0} apple 807 | {n}　apples 807",
  "complex808": "@.caml:{'no apples'} 808 | {0} apple 808 | {n}　apples 808",
  "complex809": "@.caml:{'no apples'} 809 | {0} apple 809 | {n}　apples 809",
  "complex810": "@.caml:{'no apples'} 810 | {0} apple 810 | {n}　apples 810",
  "complex811": "@.caml:{'no apples'} 811 | {0} apple 811 | {n}　apples 811",
  "complex812": "@.caml:{'no apples'} 812 | {0} apple 812 | {n}　apples 812",
  "complex813": "@.caml:{'no apples'} 813 | {0} apple 813 | {n}　apples 813",
  "complex814": "@.caml:{'no apples'} 814 | {0} apple 814 | {n}　apples 814",
  "complex815": "@.caml:{'no apples'} 815 | {0} apple 815 | {n}　apples 815",
  "complex816": "@.caml:{'no apples'} 816 | {0} apple 816 | {n}　apples 816",
  "complex817": "@.caml:{'no apples'} 817 | {0} apple 817 | {n}　apples 817",
  "complex818": "@.caml:{'no apples'} 818 | {0} apple 818 | {n}　apples 818",
  "complex819": "@.caml:{'no apples'} 819 | {0} apple 819 | {n}　apples 819",
  "complex820": "@.caml:{'no apples'} 820 | {0} apple 820 | {n}　apples 820",
  "complex821": "@.caml:{'no apples'} 821 | {0} apple 821 | {n}　apples 821",
  "complex822": "@.caml:{'no apples'} 822 | {0} apple 822 | {n}　apples 822",
  "complex823": "@.caml:{'no apples'} 823 | {0} apple 823 | {n}　apples 823",
  "complex824": "@.caml:{'no apples'} 824 | {0} apple 824 | {n}　apples 824",
  "complex825": "@.caml:{'no apples'} 825 | {0} apple 825 | {n}　apples 825",
  "complex826": "@.caml:{'no apples'} 826 | {0} apple 826 | {n}　apples 826",
  "complex827": "@.caml:{'no apples'} 827 | {0} apple 827 | {n}　apples 827",
  "complex828": "@.caml:{'no apples'} 828 | {0} apple 828 | {n}　apples 828",
  "complex829": "@.caml:{'no apples'} 829 | {0} apple 829 | {n}　apples 829",
  "complex830": "@.caml:{'no apples'} 830 | {0} apple 830 | {n}　apples 830",
  "complex831": "@.caml:{'no apples'} 831 | {0} apple 831 | {n}　apples 831",
  "complex832": "@.caml:{'no apples'} 832 | {0} apple 832 | {n}　apples 832",
  "complex833": "@.caml:{'no apples'} 833 | {0} apple 833 | {n}　apples 833",
  "complex834": "@.caml:{'no apples'} 834 | {0} apple 834 | {n}　apples 834",
  "complex835": "@.caml:{'no apples'} 835 | {0} apple 835 | {n}　apples 835",
  "complex836": "@.caml:{'no apples'} 836 | {0} apple 836 | {n}　apples 836",
  "complex837": "@.caml:{'no apples'} 837 | {0} apple 837 | {n}　apples 837",
  "complex838": "@.caml:{'no apples'} 838 | {0} apple 838 | {n}　apples 838",
  "complex839": "@.caml:{'no apples'} 839 | {0} apple 839 | {n}　apples 839",
  "complex840": "@.caml:{'no apples'} 840 | {0} apple 840 | {n}　apples 840",
  "complex841": "@.caml:{'no apples'} 841 | {0} apple 841 | {n}　apples 841",
  "complex842": "@.caml:{'no apples'} 842 | {0} apple 842 | {n}　apples 842",
  "complex843": "@.caml:{'no apples'} 843 | {0} apple 843 | {n}　apples 843",
  "complex844": "@.caml:{'no apples'} 844 | {0} apple 844 | {n}　apples 844",
  "complex845": "@.caml:{'no apples'} 845 | {0} apple 845 | {n}　apples 845",
  "complex846": "@.caml:{'no apples'} 846 | {0} apple 846 | {n}　apples 846",
  "complex847": "@.caml:{'no apples'} 847 | {0} apple 847 | {n}　apples 847",
  "complex848": "@.caml:{'no apples'} 848 | {0} apple 848 | {n}　apples 848",
  "complex849": "@.caml:{'no apples'} 849 | {0} apple 849 | {n}　apples 849",
  "complex850": "@.caml:{'no apples'} 850 | {0} apple 850 | {n}　apples 850",
  "complex851": "@.caml:{'no apples'} 851 | {0} apple 851 | {n}　apples 851",
  "complex852": "@.caml:{'no apples'} 852 | {0} apple 852 | {n}　apples 852",
  "complex853": "@.caml:{'no apples'} 853 | {0} apple 853 | {n}　apples 853",
  "complex854": "@.caml:{'no apples'} 854 | {0} apple 854 | {n}　apples 854",
  "complex855": "@.caml:{'no apples'} 855 | {0} apple 855 | {n}　apples 855",
  "complex856": "@.caml:{'no apples'} 856 | {0} apple 856 | {n}　apples 856",
  "complex857": "@.caml:{'no apples'} 857 | {0} apple 857 | {n}　apples 857",
  "complex858": "@.caml:{'no apples'} 858 | {0} apple 858 | {n}　apples 858",
  "complex859": "@.caml:{'no apples'} 859 | {0} apple 859 | {n}　apples 859",
  "complex860": "@.caml:{'no apples'} 860 | {0} apple 860 | {n}　apples 860",
  "complex861": "@.caml:{'no apples'} 861 | {0} apple 861 | {n}　apples 861",
  "complex862": "@.caml:{'no apples'} 862 | {0} apple 862 | {n}　apples 862",
  "complex863": "@.caml:{'no apples'} 863 | {0} apple 863 | {n}　apples 863",
  "complex864": "@.caml:{'no apples'} 864 | {0} apple 864 | {n}　apples 864",
  "complex865": "@.caml:{'no apples'} 865 | {0} apple 865 | {n}　apples 865",
  "complex866": "@.caml:{'no apples'} 866 | {0} apple 866 | {n}　apples 866",
  "complex867": "@.caml:{'no apples'} 867 | {0} apple 867 | {n}　apples 867",
  "complex868": "@.caml:{'no apples'} 868 | {0} apple 868 | {n}　apples 868",
  "complex869": "@.caml:{'no apples'} 869 | {0} apple 869 | {n}　apples 869",
  "complex870": "@.caml:{'no apples'} 870 | {0} apple 870 | {n}　apples 870",
  "complex871": "@.caml:{'no apples'} 871 | {0} apple 871 | {n}　apples 871",
  "complex872": "@.caml:{'no apples'} 872 | {0} apple 872 | {n}　apples 872",
  "complex873": "@.caml:{'no apples'} 873 | {0} apple 873 | {n}　apples 873",
  "complex874": "@.caml:{'no apples'} 874 | {0} apple 874 | {n}　apples 874",
  "complex875": "@.caml:{'no apples'} 875 | {0} apple 875 | {n}　apples 875",
  "complex876": "@.caml:{'no apples'} 876 | {0} apple 876 | {n}　apples 876",
  "complex877": "@.caml:{'no apples'} 877 | {0} apple 877 | {n}　apples 877",
  "complex878": "@.caml:{'no apples'} 878 | {0} apple 878 | {n}　apples 878",
  "complex879": "@.caml:{'no apples'} 879 | {0} apple 879 | {n}　apples 879",
  "complex880": "@.caml:{'no apples'} 880 | {0} apple 880 | {n}　apples 880",
  "complex881": "@.caml:{'no apples'} 881 | {0} apple 881 | {n}　apples 881",
  "complex882": "@.caml:{'no apples'} 882 | {0} apple 882 | {n}　apples 882",
  "complex883": "@.caml:{'no apples'} 883 | {0} apple 883 | {n}　apples 883",
  "complex884": "@.caml:{'no apples'} 884 | {0} apple 884 | {n}　apples 884",
  "complex885": "@.caml:{'no apples'} 885 | {0} apple 885 | {n}　apples 885",
  "complex886": "@.caml:{'no apples'} 886 | {0} apple 886 | {n}　apples 886",
  "complex887": "@.caml:{'no apples'} 887 | {0} apple 887 | {n}　apples 887",
  "complex888": "@.caml:{'no apples'} 888 | {0} apple 888 | {n}　apples 888",
  "complex889": "@.caml:{'no apples'} 889 | {0} apple 889 | {n}　apples 889",
  "complex890": "@.caml:{'no apples'} 890 | {0} apple 890 | {n}　apples 890",
  "complex891": "@.caml:{'no apples'} 891 | {0} apple 891 | {n}　apples 891",
  "complex892": "@.caml:{'no apples'} 892 | {0} apple 892 | {n}　apples 892",
  "complex893": "@.caml:{'no apples'} 893 | {0} apple 893 | {n}　apples 893",
  "complex894": "@.caml:{'no apples'} 894 | {0} apple 894 | {n}　apples 894",
  "complex895": "@.caml:{'no apples'} 895 | {0} apple 895 | {n}　apples 895",
  "complex896": "@.caml:{'no apples'} 896 | {0} apple 896 | {n}　apples 896",
  "complex897": "@.caml:{'no apples'} 897 | {0} apple 897 | {n}　apples 897",
  "complex898": "@.caml:{'no apples'} 898 | {0} apple 898 | {n}　apples 898",
  "complex899": "@.caml:{'no apples'} 899 | {0} apple 899 | {n}　apples 899",
  "complex900": "@.caml:{'no apples'} 900 | {0} apple 900 | {n}　apples 900",
  "complex901": "@.caml:{'no apples'} 901 | {0} apple 901 | {n}　apples 901",
  "complex902": "@.caml:{'no apples'} 902 | {0} apple 902 | {n}　apples 902",
  "complex903": "@.caml:{'no apples'} 903 | {0} apple 903 | {n}　apples 903",
  "complex904": "@.caml:{'no apples'} 904 | {0} apple 904 | {n}　apples 904",
  "complex905": "@.caml:{'no apples'} 905 | {0} apple 905 | {n}　apples 905",
  "complex906": "@.caml:{'no apples'} 906 | {0} apple 906 | {n}　apples 906",
  "complex907": "@.caml:{'no apples'} 907 | {0} apple 907 | {n}　apples 907",
  "complex908": "@.caml:{'no apples'} 908 | {0} apple 908 | {n}　apples 908",
  "complex909": "@.caml:{'no apples'} 909 | {0} apple 909 | {n}　apples 909",
  "complex910": "@.caml:{'no apples'} 910 | {0} apple 910 | {n}　apples 910",
  "complex911": "@.caml:{'no apples'} 911 | {0} apple 911 | {n}　apples 911",
  "complex912": "@.caml:{'no apples'} 912 | {0} apple 912 | {n}　apples 912",
  "complex913": "@.caml:{'no apples'} 913 | {0} apple 913 | {n}　apples 913",
  "complex914": "@.caml:{'no apples'} 914 | {0} apple 914 | {n}　apples 914",
  "complex915": "@.caml:{'no apples'} 915 | {0} apple 915 | {n}　apples 915",
  "complex916": "@.caml:{'no apples'} 916 | {0} apple 916 | {n}　apples 916",
  "complex917": "@.caml:{'no apples'} 917 | {0} apple 917 | {n}　apples 917",
  "complex918": "@.caml:{'no apples'} 918 | {0} apple 918 | {n}　apples 918",
  "complex919": "@.caml:{'no apples'} 919 | {0} apple 919 | {n}　apples 919",
  "complex920": "@.caml:{'no apples'} 920 | {0} apple 920 | {n}　apples 920",
  "complex921": "@.caml:{'no apples'} 921 | {0} apple 921 | {n}　apples 921",
  "complex922": "@.caml:{'no apples'} 922 | {0} apple 922 | {n}　apples 922",
  "complex923": "@.caml:{'no apples'} 923 | {0} apple 923 | {n}　apples 923",
  "complex924": "@.caml:{'no apples'} 924 | {0} apple 924 | {n}　apples 924",
  "complex925": "@.caml:{'no apples'} 925 | {0} apple 925 | {n}　apples 925",
  "complex926": "@.caml:{'no apples'} 926 | {0} apple 926 | {n}　apples 926",
  "complex927": "@.caml:{'no apples'} 927 | {0} apple 927 | {n}　apples 927",
  "complex928": "@.caml:{'no apples'} 928 | {0} apple 928 | {n}　apples 928",
  "complex929": "@.caml:{'no apples'} 929 | {0} apple 929 | {n}　apples 929",
  "complex930": "@.caml:{'no apples'} 930 | {0} apple 930 | {n}　apples 930",
  "complex931": "@.caml:{'no apples'} 931 | {0} apple 931 | {n}　apples 931",
  "complex932": "@.caml:{'no apples'} 932 | {0} apple 932 | {n}　apples 932",
  "complex933": "@.caml:{'no apples'} 933 | {0} apple 933 | {n}　apples 933",
  "complex934": "@.caml:{'no apples'} 934 | {0} apple 934 | {n}　apples 934",
  "complex935": "@.caml:{'no apples'} 935 | {0} apple 935 | {n}　apples 935",
  "complex936": "@.caml:{'no apples'} 936 | {0} apple 936 | {n}　apples 936",
  "complex937": "@.caml:{'no apples'} 937 | {0} apple 937 | {n}　apples 937",
  "complex938": "@.caml:{'no apples'} 938 | {0} apple 938 | {n}　apples 938",
  "complex939": "@.caml:{'no apples'} 939 | {0} apple 939 | {n}　apples 939",
  "complex940": "@.caml:{'no apples'} 940 | {0} apple 940 | {n}　apples 940",
  "complex941": "@.caml:{'no apples'} 941 | {0} apple 941 | {n}　apples 941",
  "complex942": "@.caml:{'no apples'} 942 | {0} apple 942 | {n}　apples 942",
  "complex943": "@.caml:{'no apples'} 943 | {0} apple 943 | {n}　apples 943",
  "complex944": "@.caml:{'no apples'} 944 | {0} apple 944 | {n}　apples 944",
  "complex945": "@.caml:{'no apples'} 945 | {0} apple 945 | {n}　apples 945",
  "complex946": "@.caml:{'no apples'} 946 | {0} apple 946 | {n}　apples 946",
  "complex947": "@.caml:{'no apples'} 947 | {0} apple 947 | {n}　apples 947",
  "complex948": "@.caml:{'no apples'} 948 | {0} apple 948 | {n}　apples 948",
  "complex949": "@.caml:{'no apples'} 949 | {0} apple 949 | {n}　apples 949",
  "complex950": "@.caml:{'no apples'} 950 | {0} apple 950 | {n}　apples 950",
  "complex951": "@.caml:{'no apples'} 951 | {0} apple 951 | {n}　apples 951",
  "complex952": "@.caml:{'no apples'} 952 | {0} apple 952 | {n}　apples 952",
  "complex953": "@.caml:{'no apples'} 953 | {0} apple 953 | {n}　apples 953",
  "complex954": "@.caml:{'no apples'} 954 | {0} apple 954 | {n}　apples 954",
  "complex955": "@.caml:{'no apples'} 955 | {0} apple 955 | {n}　apples 955",
  "complex956": "@.caml:{'no apples'} 956 | {0} apple 956 | {n}　apples 956",
  "complex957": "@.caml:{'no apples'} 957 | {0} apple 957 | {n}　apples 957",
  "complex958": "@.caml:{'no apples'} 958 | {0} apple 958 | {n}　apples 958",
  "complex959": "@.caml:{'no apples'} 959 | {0} apple 959 | {n}　apples 959",
  "complex960": "@.caml:{'no apples'} 960 | {0} apple 960 | {n}　apples 960",
  "complex961": "@.caml:{'no apples'} 961 | {0} apple 961 | {n}　apples 961",
  "complex962": "@.caml:{'no apples'} 962 | {0} apple 962 | {n}　apples 962",
  "complex963": "@.caml:{'no apples'} 963 | {0} apple 963 | {n}　apples 963",
  "complex964": "@.caml:{'no apples'} 964 | {0} apple 964 | {n}　apples 964",
  "complex965": "@.caml:{'no apples'} 965 | {0} apple 965 | {n}　apples 965",
  "complex966": "@.caml:{'no apples'} 966 | {0} apple 966 | {n}　apples 966",
  "complex967": "@.caml:{'no apples'} 967 | {0} apple 967 | {n}　apples 967",
  "complex968": "@.caml:{'no apples'} 968 | {0} apple 968 | {n}　apples 968",
  "complex969": "@.caml:{'no apples'} 969 | {0} apple 969 | {n}　apples 969",
  "complex970": "@.caml:{'no apples'} 970 | {0} apple 970 | {n}　apples 970",
  "complex971": "@.caml:{'no apples'} 971 | {0} apple 971 | {n}　apples 971",
  "complex972": "@.caml:{'no apples'} 972 | {0} apple 972 | {n}　apples 972",
  "complex973": "@.caml:{'no apples'} 973 | {0} apple 973 | {n}　apples 973",
  "complex974": "@.caml:{'no apples'} 974 | {0} apple 974 | {n}　apples 974",
  "complex975": "@.caml:{'no apples'} 975 | {0} apple 975 | {n}　apples 975",
  "complex976": "@.caml:{'no apples'} 976 | {0} apple 976 | {n}　apples 976",
  "complex977": "@.caml:{'no apples'} 977 | {0} apple 977 | {n}　apples 977",
  "complex978": "@.caml:{'no apples'} 978 | {0} apple 978 | {n}　apples 978",
  "complex979": "@.caml:{'no apples'} 979 | {0} apple 979 | {n}　apples 979",
  "complex980": "@.caml:{'no apples'} 980 | {0} apple 980 | {n}　apples 980",
  "complex981": "@.caml:{'no apples'} 981 | {0} apple 981 | {n}　apples 981",
  "complex982": "@.caml:{'no apples'} 982 | {0} apple 982 | {n}　apples 982",
  "complex983": "@.caml:{'no apples'} 983 | {0} apple 983 | {n}　apples 983",
  "complex984": "@.caml:{'no apples'} 984 | {0} apple 984 | {n}　apples 984",
  "complex985": "@.caml:{'no apples'} 985 | {0} apple 985 | {n}　apples 985",
  "complex986": "@.caml:{'no apples'} 986 | {0} apple 986 | {n}　apples 986",
  "complex987": "@.caml:{'no apples'} 987 | {0} apple 987 | {n}　apples 987",
  "complex988": "@.caml:{'no apples'} 988 | {0} apple 988 | {n}　apples 988",
  "complex989": "@.caml:{'no apples'} 989 | {0} apple 989 | {n}　apples 989",
  "complex990": "@.caml:{'no apples'} 990 | {0} apple 990 | {n}　apples 990",
  "complex991": "@.caml:{'no apples'} 991 | {0} apple 991 | {n}　apples 991",
  "complex992": "@.caml:{'no apples'} 992 | {0} apple 992 | {n}　apples 992",
  "complex993": "@.caml:{'no apples'} 993 | {0} apple 993 | {n}　apples 993",
  "complex994": "@.caml:{'no apples'} 994 | {0} apple 994 | {n}　apples 994",
  "complex995": "@.caml:{'no apples'} 995 | {0} apple 995 | {n}　apples 995",
  "complex996": "@.caml:{'no apples'} 996 | {0} apple 996 | {n}　apples 996",
  "complex997": "@.caml:{'no apples'} 997 | {0} apple 997 | {n}　apples 997",
  "complex998": "@.caml:{'no apples'} 998 | {0} apple 998 | {n}　apples 998",
  "complex999": "@.caml:{'no apples'} 999 | {0} apple 999 | {n}　apples 999"
}
