{
  "hello0": "world 0",
  "hello1": "world 1",
  "hello2": "world 2",
  "hello3": "world 3",
  "hello4": "world 4",
  "hello5": "world 5",
  "hello6": "world 6",
  "hello7": "world 7",
  "hello8": "world 8",
  "hello9": "world 9",
  "hello10": "world 10",
  "hello11": "world 11",
  "hello12": "world 12",
  "hello13": "world 13",
  "hello14": "world 14",
  "hello15": "world 15",
  "hello16": "world 16",
  "hello17": "world 17",
  "hello18": "world 18",
  "hello19": "world 19",
  "hello20": "world 20",
  "hello21": "world 21",
  "hello22": "world 22",
  "hello23": "world 23",
  "hello24": "world 24",
  "hello25": "world 25",
  "hello26": "world 26",
  "hello27": "world 27",
  "hello28": "world 28",
  "hello29": "world 29",
  "hello30": "world 30",
  "hello31": "world 31",
  "hello32": "world 32",
  "hello33": "world 33",
  "hello34": "world 34",
  "hello35": "world 35",
  "hello36": "world 36",
  "hello37": "world 37",
  "hello38": "world 38",
  "hello39": "world 39",
  "hello40": "world 40",
  "hello41": "world 41",
  "hello42": "world 42",
  "hello43": "world 43",
  "hello44": "world 44",
  "hello45": "world 45",
  "hello46": "world 46",
  "hello47": "world 47",
  "hello48": "world 48",
  "hello49": "world 49",
  "hello50": "world 50",
  "hello51": "world 51",
  "hello52": "world 52",
  "hello53": "world 53",
  "hello54": "world 54",
  "hello55": "world 55",
  "hello56": "world 56",
  "hello57": "world 57",
  "hello58": "world 58",
  "hello59": "world 59",
  "hello60": "world 60",
  "hello61": "world 61",
  "hello62": "world 62",
  "hello63": "world 63",
  "hello64": "world 64",
  "hello65": "world 65",
  "hello66": "world 66",
  "hello67": "world 67",
  "hello68": "world 68",
  "hello69": "world 69",
  "hello70": "world 70",
  "hello71": "world 71",
  "hello72": "world 72",
  "hello73": "world 73",
  "hello74": "world 74",
  "hello75": "world 75",
  "hello76": "world 76",
  "hello77": "world 77",
  "hello78": "world 78",
  "hello79": "world 79",
  "hello80": "world 80",
  "hello81": "world 81",
  "hello82": "world 82",
  "hello83": "world 83",
  "hello84": "world 84",
  "hello85": "world 85",
  "hello86": "world 86",
  "hello87": "world 87",
  "hello88": "world 88",
  "hello89": "world 89",
  "hello90": "world 90",
  "hello91": "world 91",
  "hello92": "world 92",
  "hello93": "world 93",
  "hello94": "world 94",
  "hello95": "world 95",
  "hello96": "world 96",
  "hello97": "world 97",
  "hello98": "world 98",
  "hello99": "world 99",
  "hello100": "world 100",
  "hello101": "world 101",
  "hello102": "world 102",
  "hello103": "world 103",
  "hello104": "world 104",
  "hello105": "world 105",
  "hello106": "world 106",
  "hello107": "world 107",
  "hello108": "world 108",
  "hello109": "world 109",
  "hello110": "world 110",
  "hello111": "world 111",
  "hello112": "world 112",
  "hello113": "world 113",
  "hello114": "world 114",
  "hello115": "world 115",
  "hello116": "world 116",
  "hello117": "world 117",
  "hello118": "world 118",
  "hello119": "world 119",
  "hello120": "world 120",
  "hello121": "world 121",
  "hello122": "world 122",
  "hello123": "world 123",
  "hello124": "world 124",
  "hello125": "world 125",
  "hello126": "world 126",
  "hello127": "world 127",
  "hello128": "world 128",
  "hello129": "world 129",
  "hello130": "world 130",
  "hello131": "world 131",
  "hello132": "world 132",
  "hello133": "world 133",
  "hello134": "world 134",
  "hello135": "world 135",
  "hello136": "world 136",
  "hello137": "world 137",
  "hello138": "world 138",
  "hello139": "world 139",
  "hello140": "world 140",
  "hello141": "world 141",
  "hello142": "world 142",
  "hello143": "world 143",
  "hello144": "world 144",
  "hello145": "world 145",
  "hello146": "world 146",
  "hello147": "world 147",
  "hello148": "world 148",
  "hello149": "world 149",
  "hello150": "world 150",
  "hello151": "world 151",
  "hello152": "world 152",
  "hello153": "world 153",
  "hello154": "world 154",
  "hello155": "world 155",
  "hello156": "world 156",
  "hello157": "world 157",
  "hello158": "world 158",
  "hello159": "world 159",
  "hello160": "world 160",
  "hello161": "world 161",
  "hello162": "world 162",
  "hello163": "world 163",
  "hello164": "world 164",
  "hello165": "world 165",
  "hello166": "world 166",
  "hello167": "world 167",
  "hello168": "world 168",
  "hello169": "world 169",
  "hello170": "world 170",
  "hello171": "world 171",
  "hello172": "world 172",
  "hello173": "world 173",
  "hello174": "world 174",
  "hello175": "world 175",
  "hello176": "world 176",
  "hello177": "world 177",
  "hello178": "world 178",
  "hello179": "world 179",
  "hello180": "world 180",
  "hello181": "world 181",
  "hello182": "world 182",
  "hello183": "world 183",
  "hello184": "world 184",
  "hello185": "world 185",
  "hello186": "world 186",
  "hello187": "world 187",
  "hello188": "world 188",
  "hello189": "world 189",
  "hello190": "world 190",
  "hello191": "world 191",
  "hello192": "world 192",
  "hello193": "world 193",
  "hello194": "world 194",
  "hello195": "world 195",
  "hello196": "world 196",
  "hello197": "world 197",
  "hello198": "world 198",
  "hello199": "world 199",
  "hello200": "world 200",
  "hello201": "world 201",
  "hello202": "world 202",
  "hello203": "world 203",
  "hello204": "world 204",
  "hello205": "world 205",
  "hello206": "world 206",
  "hello207": "world 207",
  "hello208": "world 208",
  "hello209": "world 209",
  "hello210": "world 210",
  "hello211": "world 211",
  "hello212": "world 212",
  "hello213": "world 213",
  "hello214": "world 214",
  "hello215": "world 215",
  "hello216": "world 216",
  "hello217": "world 217",
  "hello218": "world 218",
  "hello219": "world 219",
  "hello220": "world 220",
  "hello221": "world 221",
  "hello222": "world 222",
  "hello223": "world 223",
  "hello224": "world 224",
  "hello225": "world 225",
  "hello226": "world 226",
  "hello227": "world 227",
  "hello228": "world 228",
  "hello229": "world 229",
  "hello230": "world 230",
  "hello231": "world 231",
  "hello232": "world 232",
  "hello233": "world 233",
  "hello234": "world 234",
  "hello235": "world 235",
  "hello236": "world 236",
  "hello237": "world 237",
  "hello238": "world 238",
  "hello239": "world 239",
  "hello240": "world 240",
  "hello241": "world 241",
  "hello242": "world 242",
  "hello243": "world 243",
  "hello244": "world 244",
  "hello245": "world 245",
  "hello246": "world 246",
  "hello247": "world 247",
  "hello248": "world 248",
  "hello249": "world 249",
  "hello250": "world 250",
  "hello251": "world 251",
  "hello252": "world 252",
  "hello253": "world 253",
  "hello254": "world 254",
  "hello255": "world 255",
  "hello256": "world 256",
  "hello257": "world 257",
  "hello258": "world 258",
  "hello259": "world 259",
  "hello260": "world 260",
  "hello261": "world 261",
  "hello262": "world 262",
  "hello263": "world 263",
  "hello264": "world 264",
  "hello265": "world 265",
  "hello266": "world 266",
  "hello267": "world 267",
  "hello268": "world 268",
  "hello269": "world 269",
  "hello270": "world 270",
  "hello271": "world 271",
  "hello272": "world 272",
  "hello273": "world 273",
  "hello274": "world 274",
  "hello275": "world 275",
  "hello276": "world 276",
  "hello277": "world 277",
  "hello278": "world 278",
  "hello279": "world 279",
  "hello280": "world 280",
  "hello281": "world 281",
  "hello282": "world 282",
  "hello283": "world 283",
  "hello284": "world 284",
  "hello285": "world 285",
  "hello286": "world 286",
  "hello287": "world 287",
  "hello288": "world 288",
  "hello289": "world 289",
  "hello290": "world 290",
  "hello291": "world 291",
  "hello292": "world 292",
  "hello293": "world 293",
  "hello294": "world 294",
  "hello295": "world 295",
  "hello296": "world 296",
  "hello297": "world 297",
  "hello298": "world 298",
  "hello299": "world 299",
  "hello300": "world 300",
  "hello301": "world 301",
  "hello302": "world 302",
  "hello303": "world 303",
  "hello304": "world 304",
  "hello305": "world 305",
  "hello306": "world 306",
  "hello307": "world 307",
  "hello308": "world 308",
  "hello309": "world 309",
  "hello310": "world 310",
  "hello311": "world 311",
  "hello312": "world 312",
  "hello313": "world 313",
  "hello314": "world 314",
  "hello315": "world 315",
  "hello316": "world 316",
  "hello317": "world 317",
  "hello318": "world 318",
  "hello319": "world 319",
  "hello320": "world 320",
  "hello321": "world 321",
  "hello322": "world 322",
  "hello323": "world 323",
  "hello324": "world 324",
  "hello325": "world 325",
  "hello326": "world 326",
  "hello327": "world 327",
  "hello328": "world 328",
  "hello329": "world 329",
  "hello330": "world 330",
  "hello331": "world 331",
  "hello332": "world 332",
  "hello333": "world 333",
  "hello334": "world 334",
  "hello335": "world 335",
  "hello336": "world 336",
  "hello337": "world 337",
  "hello338": "world 338",
  "hello339": "world 339",
  "hello340": "world 340",
  "hello341": "world 341",
  "hello342": "world 342",
  "hello343": "world 343",
  "hello344": "world 344",
  "hello345": "world 345",
  "hello346": "world 346",
  "hello347": "world 347",
  "hello348": "world 348",
  "hello349": "world 349",
  "hello350": "world 350",
  "hello351": "world 351",
  "hello352": "world 352",
  "hello353": "world 353",
  "hello354": "world 354",
  "hello355": "world 355",
  "hello356": "world 356",
  "hello357": "world 357",
  "hello358": "world 358",
  "hello359": "world 359",
  "hello360": "world 360",
  "hello361": "world 361",
  "hello362": "world 362",
  "hello363": "world 363",
  "hello364": "world 364",
  "hello365": "world 365",
  "hello366": "world 366",
  "hello367": "world 367",
  "hello368": "world 368",
  "hello369": "world 369",
  "hello370": "world 370",
  "hello371": "world 371",
  "hello372": "world 372",
  "hello373": "world 373",
  "hello374": "world 374",
  "hello375": "world 375",
  "hello376": "world 376",
  "hello377": "world 377",
  "hello378": "world 378",
  "hello379": "world 379",
  "hello380": "world 380",
  "hello381": "world 381",
  "hello382": "world 382",
  "hello383": "world 383",
  "hello384": "world 384",
  "hello385": "world 385",
  "hello386": "world 386",
  "hello387": "world 387",
  "hello388": "world 388",
  "hello389": "world 389",
  "hello390": "world 390",
  "hello391": "world 391",
  "hello392": "world 392",
  "hello393": "world 393",
  "hello394": "world 394",
  "hello395": "world 395",
  "hello396": "world 396",
  "hello397": "world 397",
  "hello398": "world 398",
  "hello399": "world 399",
  "hello400": "world 400",
  "hello401": "world 401",
  "hello402": "world 402",
  "hello403": "world 403",
  "hello404": "world 404",
  "hello405": "world 405",
  "hello406": "world 406",
  "hello407": "world 407",
  "hello408": "world 408",
  "hello409": "world 409",
  "hello410": "world 410",
  "hello411": "world 411",
  "hello412": "world 412",
  "hello413": "world 413",
  "hello414": "world 414",
  "hello415": "world 415",
  "hello416": "world 416",
  "hello417": "world 417",
  "hello418": "world 418",
  "hello419": "world 419",
  "hello420": "world 420",
  "hello421": "world 421",
  "hello422": "world 422",
  "hello423": "world 423",
  "hello424": "world 424",
  "hello425": "world 425",
  "hello426": "world 426",
  "hello427": "world 427",
  "hello428": "world 428",
  "hello429": "world 429",
  "hello430": "world 430",
  "hello431": "world 431",
  "hello432": "world 432",
  "hello433": "world 433",
  "hello434": "world 434",
  "hello435": "world 435",
  "hello436": "world 436",
  "hello437": "world 437",
  "hello438": "world 438",
  "hello439": "world 439",
  "hello440": "world 440",
  "hello441": "world 441",
  "hello442": "world 442",
  "hello443": "world 443",
  "hello444": "world 444",
  "hello445": "world 445",
  "hello446": "world 446",
  "hello447": "world 447",
  "hello448": "world 448",
  "hello449": "world 449",
  "hello450": "world 450",
  "hello451": "world 451",
  "hello452": "world 452",
  "hello453": "world 453",
  "hello454": "world 454",
  "hello455": "world 455",
  "hello456": "world 456",
  "hello457": "world 457",
  "hello458": "world 458",
  "hello459": "world 459",
  "hello460": "world 460",
  "hello461": "world 461",
  "hello462": "world 462",
  "hello463": "world 463",
  "hello464": "world 464",
  "hello465": "world 465",
  "hello466": "world 466",
  "hello467": "world 467",
  "hello468": "world 468",
  "hello469": "world 469",
  "hello470": "world 470",
  "hello471": "world 471",
  "hello472": "world 472",
  "hello473": "world 473",
  "hello474": "world 474",
  "hello475": "world 475",
  "hello476": "world 476",
  "hello477": "world 477",
  "hello478": "world 478",
  "hello479": "world 479",
  "hello480": "world 480",
  "hello481": "world 481",
  "hello482": "world 482",
  "hello483": "world 483",
  "hello484": "world 484",
  "hello485": "world 485",
  "hello486": "world 486",
  "hello487": "world 487",
  "hello488": "world 488",
  "hello489": "world 489",
  "hello490": "world 490",
  "hello491": "world 491",
  "hello492": "world 492",
  "hello493": "world 493",
  "hello494": "world 494",
  "hello495": "world 495",
  "hello496": "world 496",
  "hello497": "world 497",
  "hello498": "world 498",
  "hello499": "world 499",
  "hello500": "world 500",
  "hello501": "world 501",
  "hello502": "world 502",
  "hello503": "world 503",
  "hello504": "world 504",
  "hello505": "world 505",
  "hello506": "world 506",
  "hello507": "world 507",
  "hello508": "world 508",
  "hello509": "world 509",
  "hello510": "world 510",
  "hello511": "world 511",
  "hello512": "world 512",
  "hello513": "world 513",
  "hello514": "world 514",
  "hello515": "world 515",
  "hello516": "world 516",
  "hello517": "world 517",
  "hello518": "world 518",
  "hello519": "world 519",
  "hello520": "world 520",
  "hello521": "world 521",
  "hello522": "world 522",
  "hello523": "world 523",
  "hello524": "world 524",
  "hello525": "world 525",
  "hello526": "world 526",
  "hello527": "world 527",
  "hello528": "world 528",
  "hello529": "world 529",
  "hello530": "world 530",
  "hello531": "world 531",
  "hello532": "world 532",
  "hello533": "world 533",
  "hello534": "world 534",
  "hello535": "world 535",
  "hello536": "world 536",
  "hello537": "world 537",
  "hello538": "world 538",
  "hello539": "world 539",
  "hello540": "world 540",
  "hello541": "world 541",
  "hello542": "world 542",
  "hello543": "world 543",
  "hello544": "world 544",
  "hello545": "world 545",
  "hello546": "world 546",
  "hello547": "world 547",
  "hello548": "world 548",
  "hello549": "world 549",
  "hello550": "world 550",
  "hello551": "world 551",
  "hello552": "world 552",
  "hello553": "world 553",
  "hello554": "world 554",
  "hello555": "world 555",
  "hello556": "world 556",
  "hello557": "world 557",
  "hello558": "world 558",
  "hello559": "world 559",
  "hello560": "world 560",
  "hello561": "world 561",
  "hello562": "world 562",
  "hello563": "world 563",
  "hello564": "world 564",
  "hello565": "world 565",
  "hello566": "world 566",
  "hello567": "world 567",
  "hello568": "world 568",
  "hello569": "world 569",
  "hello570": "world 570",
  "hello571": "world 571",
  "hello572": "world 572",
  "hello573": "world 573",
  "hello574": "world 574",
  "hello575": "world 575",
  "hello576": "world 576",
  "hello577": "world 577",
  "hello578": "world 578",
  "hello579": "world 579",
  "hello580": "world 580",
  "hello581": "world 581",
  "hello582": "world 582",
  "hello583": "world 583",
  "hello584": "world 584",
  "hello585": "world 585",
  "hello586": "world 586",
  "hello587": "world 587",
  "hello588": "world 588",
  "hello589": "world 589",
  "hello590": "world 590",
  "hello591": "world 591",
  "hello592": "world 592",
  "hello593": "world 593",
  "hello594": "world 594",
  "hello595": "world 595",
  "hello596": "world 596",
  "hello597": "world 597",
  "hello598": "world 598",
  "hello599": "world 599",
  "hello600": "world 600",
  "hello601": "world 601",
  "hello602": "world 602",
  "hello603": "world 603",
  "hello604": "world 604",
  "hello605": "world 605",
  "hello606": "world 606",
  "hello607": "world 607",
  "hello608": "world 608",
  "hello609": "world 609",
  "hello610": "world 610",
  "hello611": "world 611",
  "hello612": "world 612",
  "hello613": "world 613",
  "hello614": "world 614",
  "hello615": "world 615",
  "hello616": "world 616",
  "hello617": "world 617",
  "hello618": "world 618",
  "hello619": "world 619",
  "hello620": "world 620",
  "hello621": "world 621",
  "hello622": "world 622",
  "hello623": "world 623",
  "hello624": "world 624",
  "hello625": "world 625",
  "hello626": "world 626",
  "hello627": "world 627",
  "hello628": "world 628",
  "hello629": "world 629",
  "hello630": "world 630",
  "hello631": "world 631",
  "hello632": "world 632",
  "hello633": "world 633",
  "hello634": "world 634",
  "hello635": "world 635",
  "hello636": "world 636",
  "hello637": "world 637",
  "hello638": "world 638",
  "hello639": "world 639",
  "hello640": "world 640",
  "hello641": "world 641",
  "hello642": "world 642",
  "hello643": "world 643",
  "hello644": "world 644",
  "hello645": "world 645",
  "hello646": "world 646",
  "hello647": "world 647",
  "hello648": "world 648",
  "hello649": "world 649",
  "hello650": "world 650",
  "hello651": "world 651",
  "hello652": "world 652",
  "hello653": "world 653",
  "hello654": "world 654",
  "hello655": "world 655",
  "hello656": "world 656",
  "hello657": "world 657",
  "hello658": "world 658",
  "hello659": "world 659",
  "hello660": "world 660",
  "hello661": "world 661",
  "hello662": "world 662",
  "hello663": "world 663",
  "hello664": "world 664",
  "hello665": "world 665",
  "hello666": "world 666",
  "hello667": "world 667",
  "hello668": "world 668",
  "hello669": "world 669",
  "hello670": "world 670",
  "hello671": "world 671",
  "hello672": "world 672",
  "hello673": "world 673",
  "hello674": "world 674",
  "hello675": "world 675",
  "hello676": "world 676",
  "hello677": "world 677",
  "hello678": "world 678",
  "hello679": "world 679",
  "hello680": "world 680",
  "hello681": "world 681",
  "hello682": "world 682",
  "hello683": "world 683",
  "hello684": "world 684",
  "hello685": "world 685",
  "hello686": "world 686",
  "hello687": "world 687",
  "hello688": "world 688",
  "hello689": "world 689",
  "hello690": "world 690",
  "hello691": "world 691",
  "hello692": "world 692",
  "hello693": "world 693",
  "hello694": "world 694",
  "hello695": "world 695",
  "hello696": "world 696",
  "hello697": "world 697",
  "hello698": "world 698",
  "hello699": "world 699",
  "hello700": "world 700",
  "hello701": "world 701",
  "hello702": "world 702",
  "hello703": "world 703",
  "hello704": "world 704",
  "hello705": "world 705",
  "hello706": "world 706",
  "hello707": "world 707",
  "hello708": "world 708",
  "hello709": "world 709",
  "hello710": "world 710",
  "hello711": "world 711",
  "hello712": "world 712",
  "hello713": "world 713",
  "hello714": "world 714",
  "hello715": "world 715",
  "hello716": "world 716",
  "hello717": "world 717",
  "hello718": "world 718",
  "hello719": "world 719",
  "hello720": "world 720",
  "hello721": "world 721",
  "hello722": "world 722",
  "hello723": "world 723",
  "hello724": "world 724",
  "hello725": "world 725",
  "hello726": "world 726",
  "hello727": "world 727",
  "hello728": "world 728",
  "hello729": "world 729",
  "hello730": "world 730",
  "hello731": "world 731",
  "hello732": "world 732",
  "hello733": "world 733",
  "hello734": "world 734",
  "hello735": "world 735",
  "hello736": "world 736",
  "hello737": "world 737",
  "hello738": "world 738",
  "hello739": "world 739",
  "hello740": "world 740",
  "hello741": "world 741",
  "hello742": "world 742",
  "hello743": "world 743",
  "hello744": "world 744",
  "hello745": "world 745",
  "hello746": "world 746",
  "hello747": "world 747",
  "hello748": "world 748",
  "hello749": "world 749",
  "hello750": "world 750",
  "hello751": "world 751",
  "hello752": "world 752",
  "hello753": "world 753",
  "hello754": "world 754",
  "hello755": "world 755",
  "hello756": "world 756",
  "hello757": "world 757",
  "hello758": "world 758",
  "hello759": "world 759",
  "hello760": "world 760",
  "hello761": "world 761",
  "hello762": "world 762",
  "hello763": "world 763",
  "hello764": "world 764",
  "hello765": "world 765",
  "hello766": "world 766",
  "hello767": "world 767",
  "hello768": "world 768",
  "hello769": "world 769",
  "hello770": "world 770",
  "hello771": "world 771",
  "hello772": "world 772",
  "hello773": "world 773",
  "hello774": "world 774",
  "hello775": "world 775",
  "hello776": "world 776",
  "hello777": "world 777",
  "hello778": "world 778",
  "hello779": "world 779",
  "hello780": "world 780",
  "hello781": "world 781",
  "hello782": "world 782",
  "hello783": "world 783",
  "hello784": "world 784",
  "hello785": "world 785",
  "hello786": "world 786",
  "hello787": "world 787",
  "hello788": "world 788",
  "hello789": "world 789",
  "hello790": "world 790",
  "hello791": "world 791",
  "hello792": "world 792",
  "hello793": "world 793",
  "hello794": "world 794",
  "hello795": "world 795",
  "hello796": "world 796",
  "hello797": "world 797",
  "hello798": "world 798",
  "hello799": "world 799",
  "hello800": "world 800",
  "hello801": "world 801",
  "hello802": "world 802",
  "hello803": "world 803",
  "hello804": "world 804",
  "hello805": "world 805",
  "hello806": "world 806",
  "hello807": "world 807",
  "hello808": "world 808",
  "hello809": "world 809",
  "hello810": "world 810",
  "hello811": "world 811",
  "hello812": "world 812",
  "hello813": "world 813",
  "hello814": "world 814",
  "hello815": "world 815",
  "hello816": "world 816",
  "hello817": "world 817",
  "hello818": "world 818",
  "hello819": "world 819",
  "hello820": "world 820",
  "hello821": "world 821",
  "hello822": "world 822",
  "hello823": "world 823",
  "hello824": "world 824",
  "hello825": "world 825",
  "hello826": "world 826",
  "hello827": "world 827",
  "hello828": "world 828",
  "hello829": "world 829",
  "hello830": "world 830",
  "hello831": "world 831",
  "hello832": "world 832",
  "hello833": "world 833",
  "hello834": "world 834",
  "hello835": "world 835",
  "hello836": "world 836",
  "hello837": "world 837",
  "hello838": "world 838",
  "hello839": "world 839",
  "hello840": "world 840",
  "hello841": "world 841",
  "hello842": "world 842",
  "hello843": "world 843",
  "hello844": "world 844",
  "hello845": "world 845",
  "hello846": "world 846",
  "hello847": "world 847",
  "hello848": "world 848",
  "hello849": "world 849",
  "hello850": "world 850",
  "hello851": "world 851",
  "hello852": "world 852",
  "hello853": "world 853",
  "hello854": "world 854",
  "hello855": "world 855",
  "hello856": "world 856",
  "hello857": "world 857",
  "hello858": "world 858",
  "hello859": "world 859",
  "hello860": "world 860",
  "hello861": "world 861",
  "hello862": "world 862",
  "hello863": "world 863",
  "hello864": "world 864",
  "hello865": "world 865",
  "hello866": "world 866",
  "hello867": "world 867",
  "hello868": "world 868",
  "hello869": "world 869",
  "hello870": "world 870",
  "hello871": "world 871",
  "hello872": "world 872",
  "hello873": "world 873",
  "hello874": "world 874",
  "hello875": "world 875",
  "hello876": "world 876",
  "hello877": "world 877",
  "hello878": "world 878",
  "hello879": "world 879",
  "hello880": "world 880",
  "hello881": "world 881",
  "hello882": "world 882",
  "hello883": "world 883",
  "hello884": "world 884",
  "hello885": "world 885",
  "hello886": "world 886",
  "hello887": "world 887",
  "hello888": "world 888",
  "hello889": "world 889",
  "hello890": "world 890",
  "hello891": "world 891",
  "hello892": "world 892",
  "hello893": "world 893",
  "hello894": "world 894",
  "hello895": "world 895",
  "hello896": "world 896",
  "hello897": "world 897",
  "hello898": "world 898",
  "hello899": "world 899",
  "hello900": "world 900",
  "hello901": "world 901",
  "hello902": "world 902",
  "hello903": "world 903",
  "hello904": "world 904",
  "hello905": "world 905",
  "hello906": "world 906",
  "hello907": "world 907",
  "hello908": "world 908",
  "hello909": "world 909",
  "hello910": "world 910",
  "hello911": "world 911",
  "hello912": "world 912",
  "hello913": "world 913",
  "hello914": "world 914",
  "hello915": "world 915",
  "hello916": "world 916",
  "hello917": "world 917",
  "hello918": "world 918",
  "hello919": "world 919",
  "hello920": "world 920",
  "hello921": "world 921",
  "hello922": "world 922",
  "hello923": "world 923",
  "hello924": "world 924",
  "hello925": "world 925",
  "hello926": "world 926",
  "hello927": "world 927",
  "hello928": "world 928",
  "hello929": "world 929",
  "hello930": "world 930",
  "hello931": "world 931",
  "hello932": "world 932",
  "hello933": "world 933",
  "hello934": "world 934",
  "hello935": "world 935",
  "hello936": "world 936",
  "hello937": "world 937",
  "hello938": "world 938",
  "hello939": "world 939",
  "hello940": "world 940",
  "hello941": "world 941",
  "hello942": "world 942",
  "hello943": "world 943",
  "hello944": "world 944",
  "hello945": "world 945",
  "hello946": "world 946",
  "hello947": "world 947",
  "hello948": "world 948",
  "hello949": "world 949",
  "hello950": "world 950",
  "hello951": "world 951",
  "hello952": "world 952",
  "hello953": "world 953",
  "hello954": "world 954",
  "hello955": "world 955",
  "hello956": "world 956",
  "hello957": "world 957",
  "hello958": "world 958",
  "hello959": "world 959",
  "hello960": "world 960",
  "hello961": "world 961",
  "hello962": "world 962",
  "hello963": "world 963",
  "hello964": "world 964",
  "hello965": "world 965",
  "hello966": "world 966",
  "hello967": "world 967",
  "hello968": "world 968",
  "hello969": "world 969",
  "hello970": "world 970",
  "hello971": "world 971",
  "hello972": "world 972",
  "hello973": "world 973",
  "hello974": "world 974",
  "hello975": "world 975",
  "hello976": "world 976",
  "hello977": "world 977",
  "hello978": "world 978",
  "hello979": "world 979",
  "hello980": "world 980",
  "hello981": "world 981",
  "hello982": "world 982",
  "hello983": "world 983",
  "hello984": "world 984",
  "hello985": "world 985",
  "hello986": "world 986",
  "hello987": "world 987",
  "hello988": "world 988",
  "hello989": "world 989",
  "hello990": "world 990",
  "hello991": "world 991",
  "hello992": "world 992",
  "hello993": "world 993",
  "hello994": "world 994",
  "hello995": "world 995",
  "hello996": "world 996",
  "hello997": "world 997",
  "hello998": "world 998",
  "hello999": "world 999"
}
